-- MariaDB dump 10.19  Distrib 10.4.32-MariaDB, for Win64 (AMD64)
--
-- Host: 82.197.82.82    Database: u454339855_transportapp
-- ------------------------------------------------------
-- Server version	11.8.3-MariaDB-log

/*!40101 SET @OLD_CHARACTER_SET_CLIENT = @@CHARACTER_SET_CLIENT */;
/*!40101 SET @OLD_CHARACTER_SET_RESULTS = @@CHARACTER_SET_RESULTS */;
/*!40101 SET @OLD_COLLATION_CONNECTION = @@COLLATION_CONNECTION */;
/*!40101 SET NAMES utf8mb4 */;
/*!40103 SET @OLD_TIME_ZONE = @@TIME_ZONE */;
/*!40103 SET TIME_ZONE = '+00:00' */;
/*!40014 SET @OLD_UNIQUE_CHECKS = @@UNIQUE_CHECKS, UNIQUE_CHECKS = 0 */;
/*!40014 SET @OLD_FOREIGN_KEY_CHECKS = @@FOREIGN_KEY_CHECKS, FOREIGN_KEY_CHECKS = 0 */;
/*!40101 SET @OLD_SQL_MODE = @@SQL_MODE, SQL_MODE = 'NO_AUTO_VALUE_ON_ZERO' */;
/*!40111 SET @OLD_SQL_NOTES = @@SQL_NOTES, SQL_NOTES = 0 */;

--
-- Table structure for table `transporte_admin_users`
--

DROP TABLE IF EXISTS `transporte_admin_users`;
/*!40101 SET @saved_cs_client = @@character_set_client */;
/*!40101 SET character_set_client = utf8 */;
CREATE TABLE `transporte_admin_users`
(
    `id`            bigint(20) unsigned     NOT NULL AUTO_INCREMENT,
    `username`      varchar(60)             NOT NULL,
    `pass_hash`     varchar(255)            NOT NULL,
    `role`          enum ('ADMIN','VIEWER') NOT NULL DEFAULT 'ADMIN',
    `active`        tinyint(1)              NOT NULL DEFAULT 1,
    `last_login_at` timestamp               NULL     DEFAULT NULL,
    `created_at`    timestamp               NOT NULL DEFAULT current_timestamp(),
    `updated_at`    timestamp               NULL     DEFAULT NULL ON UPDATE current_timestamp(),
    PRIMARY KEY (`id`),
    UNIQUE KEY `ux_admin_username` (`username`)
) ENGINE = InnoDB
  AUTO_INCREMENT = 3
  DEFAULT CHARSET = utf8mb4
  COLLATE = utf8mb4_unicode_ci;
/*!40101 SET character_set_client = @saved_cs_client */;

--
-- Dumping data for table `transporte_admin_users`
--

LOCK TABLES `transporte_admin_users` WRITE;
/*!40000 ALTER TABLE `transporte_admin_users`
    DISABLE KEYS */;
INSERT INTO `transporte_admin_users`
VALUES (1, 'VYG', '$2b$10$xBDUilDd1DubqSE8TFJB0Oi53kImdlGXQtfpF457.t.6dWTTFDqaW', 'ADMIN', 1, '2026-02-09 21:38:04',
        '2026-01-04 02:05:46', '2026-02-09 21:38:04'),
       (2, 'root', '$2b$10$FD3V7rnHWCdmT8SMR5c4Zus/ntO2KDQBAL6sb.D5VO/5z6Ouuge9K', 'ADMIN', 1, '2026-02-09 20:48:05',
        '2026-01-05 06:28:45', '2026-02-09 20:48:05');
/*!40000 ALTER TABLE `transporte_admin_users`
    ENABLE KEYS */;
UNLOCK TABLES;

--
-- Table structure for table `transporte_departure_templates`
--

DROP TABLE IF EXISTS `transporte_departure_templates`;
/*!40101 SET @saved_cs_client = @@character_set_client */;
/*!40101 SET character_set_client = utf8 */;
CREATE TABLE `transporte_departure_templates`
(
    `id`                  int(11)                          NOT NULL AUTO_INCREMENT,
    `direction`           enum ('VIC_TO_LLE','LLE_TO_VIC') NOT NULL,
    `depart_time`         time                             NOT NULL,
    `capacity_passengers` int(11)                          NOT NULL DEFAULT 7,
    `active`              tinyint(4)                       NOT NULL DEFAULT 1,
    PRIMARY KEY (`id`),
    UNIQUE KEY `direction` (`direction`, `depart_time`)
) ENGINE = InnoDB
  AUTO_INCREMENT = 11
  DEFAULT CHARSET = utf8mb4
  COLLATE = utf8mb4_unicode_ci;
/*!40101 SET character_set_client = @saved_cs_client */;

--
-- Dumping data for table `transporte_departure_templates`
--

LOCK TABLES `transporte_departure_templates` WRITE;
/*!40000 ALTER TABLE `transporte_departure_templates`
    DISABLE KEYS */;
INSERT INTO `transporte_departure_templates`
VALUES (1, 'VIC_TO_LLE', '06:30:00', 6, 1),
       (2, 'LLE_TO_VIC', '07:30:00', 6, 1),
       (3, 'VIC_TO_LLE', '09:00:00', 6, 1),
       (4, 'LLE_TO_VIC', '10:00:00', 6, 1),
       (5, 'VIC_TO_LLE', '11:00:00', 6, 1),
       (6, 'LLE_TO_VIC', '12:00:00', 6, 1),
       (7, 'VIC_TO_LLE', '13:00:00', 6, 1),
       (8, 'LLE_TO_VIC', '14:00:00', 6, 1),
       (9, 'VIC_TO_LLE', '16:00:00', 6, 1),
       (10, 'LLE_TO_VIC', '17:00:00', 6, 1);
/*!40000 ALTER TABLE `transporte_departure_templates`
    ENABLE KEYS */;
UNLOCK TABLES;

--
-- Table structure for table `transporte_payments`
--

DROP TABLE IF EXISTS `transporte_payments`;
/*!40101 SET @saved_cs_client = @@character_set_client */;
/*!40101 SET character_set_client = utf8 */;
CREATE TABLE `transporte_payments`
(
    `id`             bigint(20)                             NOT NULL AUTO_INCREMENT,
    `reservation_id` bigint(20)                             NOT NULL,
    `method`         enum ('TRANSFER','CASH')               NOT NULL,
    `amount`         decimal(10, 2)                                  DEFAULT NULL,
    `status`         enum ('PENDING','VERIFIED','REJECTED') NOT NULL DEFAULT 'PENDING',
    `reference`      varchar(80)                                     DEFAULT NULL,
    `proof_url`      varchar(255)                                    DEFAULT NULL,
    `verified_at`    timestamp                              NULL     DEFAULT NULL,
    `created_at`     timestamp                              NOT NULL DEFAULT current_timestamp(),
    PRIMARY KEY (`id`),
    KEY `idx_transporte_pay_res` (`reservation_id`),
    CONSTRAINT `fk_transporte_pay_res` FOREIGN KEY (`reservation_id`) REFERENCES `transporte_reservations` (`id`) ON UPDATE CASCADE
) ENGINE = InnoDB
  AUTO_INCREMENT = 28
  DEFAULT CHARSET = utf8mb4
  COLLATE = utf8mb4_unicode_ci;
/*!40101 SET character_set_client = @saved_cs_client */;

--
-- Dumping data for table `transporte_payments`
--

LOCK TABLES `transporte_payments` WRITE;
/*!40000 ALTER TABLE `transporte_payments`
    DISABLE KEYS */;
INSERT INTO `transporte_payments`
VALUES (1, 5, 'TRANSFER', NULL, 'VERIFIED', NULL, NULL, '2026-01-02 23:10:35', '2026-01-02 23:10:35'),
       (2, 6, 'CASH', NULL, 'VERIFIED', NULL, NULL, '2026-01-03 17:41:13', '2026-01-03 17:41:13'),
       (3, 8, 'TRANSFER', NULL, 'VERIFIED', NULL, NULL, '2026-01-04 10:33:23', '2026-01-04 10:33:23'),
       (4, 10, 'CASH', NULL, 'VERIFIED', NULL, NULL, '2026-01-04 12:09:24', '2026-01-04 12:09:24'),
       (5, 11, 'CASH', NULL, 'VERIFIED', NULL, NULL, '2026-01-04 17:36:41', '2026-01-04 17:36:41'),
       (6, 9, 'TRANSFER', NULL, 'VERIFIED', NULL, NULL, '2026-01-05 02:10:10', '2026-01-05 02:10:10'),
       (7, 1, 'CASH', NULL, 'VERIFIED', NULL, NULL, '2026-01-05 02:18:27', '2026-01-05 02:18:27'),
       (8, 7, 'CASH', NULL, 'VERIFIED', NULL, NULL, '2026-01-05 13:38:21', '2026-01-05 13:38:21'),
       (9, 8, 'CASH', NULL, 'VERIFIED', NULL, NULL, '2026-01-05 13:42:26', '2026-01-05 13:42:26'),
       (10, 6, 'CASH', NULL, 'VERIFIED', NULL, NULL, '2026-01-05 13:44:32', '2026-01-05 13:44:32'),
       (11, 9, 'CASH', NULL, 'VERIFIED', NULL, NULL, '2026-01-05 15:09:17', '2026-01-05 15:09:17'),
       (12, 4, 'CASH', NULL, 'VERIFIED', NULL, NULL, '2026-01-05 16:05:13', '2026-01-05 16:05:13'),
       (13, 5, 'CASH', NULL, 'VERIFIED', NULL, NULL, '2026-01-05 16:05:48', '2026-01-05 16:05:48'),
       (14, 12, 'CASH', NULL, 'VERIFIED', NULL, NULL, '2026-01-05 16:06:11', '2026-01-05 16:06:11'),
       (15, 11, 'CASH', NULL, 'VERIFIED', NULL, NULL, '2026-01-05 17:05:20', '2026-01-05 17:05:20'),
       (16, 13, 'CASH', NULL, 'VERIFIED', NULL, NULL, '2026-01-05 17:14:10', '2026-01-05 17:14:10'),
       (17, 3, 'CASH', NULL, 'VERIFIED', NULL, NULL, '2026-01-05 18:11:21', '2026-01-05 18:11:21'),
       (18, 10, 'CASH', NULL, 'VERIFIED', NULL, NULL, '2026-01-05 18:11:28', '2026-01-05 18:11:28'),
       (19, 15, 'CASH', NULL, 'VERIFIED', NULL, NULL, '2026-01-05 20:04:57', '2026-01-05 20:04:57'),
       (20, 18, 'CASH', NULL, 'VERIFIED', NULL, NULL, '2026-01-05 20:32:22', '2026-01-05 20:32:22'),
       (21, 14, 'CASH', NULL, 'VERIFIED', NULL, NULL, '2026-01-05 20:38:19', '2026-01-05 20:38:19'),
       (22, 19, 'CASH', NULL, 'VERIFIED', NULL, NULL, '2026-01-05 20:58:24', '2026-01-05 20:58:24'),
       (23, 20, 'CASH', NULL, 'VERIFIED', NULL, NULL, '2026-01-05 21:03:19', '2026-01-05 21:03:19'),
       (24, 2, 'CASH', NULL, 'VERIFIED', NULL, NULL, '2026-01-06 02:12:48', '2026-01-06 02:12:48'),
       (25, 17, 'CASH', NULL, 'VERIFIED', NULL, NULL, '2026-01-06 04:03:47', '2026-01-06 04:03:47'),
       (26, 22, 'CASH', NULL, 'VERIFIED', NULL, NULL, '2026-01-06 04:10:03', '2026-01-06 04:10:03'),
       (27, 24, 'CASH', NULL, 'VERIFIED', NULL, NULL, '2026-01-06 04:24:05', '2026-01-06 04:24:05');
/*!40000 ALTER TABLE `transporte_payments`
    ENABLE KEYS */;
UNLOCK TABLES;

--
-- Table structure for table `transporte_reservation_passengers`
--

DROP TABLE IF EXISTS `transporte_reservation_passengers`;
/*!40101 SET @saved_cs_client = @@character_set_client */;
/*!40101 SET character_set_client = utf8 */;
CREATE TABLE `transporte_reservation_passengers`
(
    `id`             bigint(20)   NOT NULL AUTO_INCREMENT,
    `reservation_id` bigint(20)   NOT NULL,
    `passenger_name` varchar(120) NOT NULL,
    `created_at`     timestamp    NOT NULL DEFAULT current_timestamp(),
    PRIMARY KEY (`id`),
    KEY `reservation_id` (`reservation_id`),
    CONSTRAINT `fk_transporte_res_passengers_res` FOREIGN KEY (`reservation_id`) REFERENCES `transporte_reservations` (`id`) ON DELETE CASCADE ON UPDATE CASCADE
) ENGINE = InnoDB
  AUTO_INCREMENT = 59
  DEFAULT CHARSET = utf8mb4
  COLLATE = utf8mb4_unicode_ci;
/*!40101 SET character_set_client = @saved_cs_client */;

--
-- Dumping data for table `transporte_reservation_passengers`
--

LOCK TABLES `transporte_reservation_passengers` WRITE;
/*!40000 ALTER TABLE `transporte_reservation_passengers`
    DISABLE KEYS */;
INSERT INTO `transporte_reservation_passengers`
VALUES (1, 1, 'Ladislao Rivera Mireles', '2026-01-05 02:16:29'),
       (2, 2, 'Maria del Carmen', '2026-01-05 02:20:46'),
       (3, 3, 'Rubí Quiroz', '2026-01-05 02:27:24'),
       (4, 3, 'Rubí Quiroz', '2026-01-05 02:27:24'),
       (5, 3, 'Rubí Quiroz', '2026-01-05 02:27:24'),
       (6, 3, 'Rubí Quiroz', '2026-01-05 02:27:24'),
       (7, 4, 'RAQUEL', '2026-01-05 04:59:56'),
       (8, 4, 'RAQUEL', '2026-01-05 04:59:56'),
       (9, 5, 'SILVESTRE', '2026-01-05 05:03:08'),
       (10, 6, 'RAMIRO', '2026-01-05 05:08:10'),
       (11, 7, 'MAGDALENA', '2026-01-05 05:11:35'),
       (12, 7, 'MAGDALENA', '2026-01-05 05:11:35'),
       (13, 7, 'MAGDALENA', '2026-01-05 05:11:35'),
       (14, 8, 'APARTADO', '2026-01-05 05:14:29'),
       (15, 8, 'APARTADO', '2026-01-05 05:14:29'),
       (16, 9, 'CAROLINA', '2026-01-05 05:17:20'),
       (17, 10, 'ALEJANDRO', '2026-01-05 05:20:04'),
       (18, 11, 'Antonio González', '2026-01-05 14:42:42'),
       (19, 12, 'Jorge Luis', '2026-01-05 15:14:27'),
       (20, 12, 'Jorge Luis', '2026-01-05 15:14:27'),
       (21, 13, 'Perla castillo', '2026-01-05 17:13:45'),
       (22, 14, 'Yolanda reyes', '2026-01-05 18:22:49'),
       (23, 15, 'PANCHO LLERA', '2026-01-05 19:57:28'),
       (24, 16, 'MARIA DEL CARMEN', '2026-01-05 20:16:14'),
       (25, 17, 'CHENTY', '2026-01-05 20:21:01'),
       (26, 17, 'EDUARDO', '2026-01-05 20:21:01'),
       (27, 18, 'SRA. ESTHELA', '2026-01-05 20:29:44'),
       (28, 18, 'SRA. ESTHELA', '2026-01-05 20:29:44'),
       (29, 19, 'DAVID LLERA', '2026-01-05 20:51:58'),
       (30, 20, 'DENISSE TREVIÑO', '2026-01-05 21:02:23'),
       (31, 21, 'DR. EDDY', '2026-01-06 00:38:28'),
       (32, 21, 'DR. EDDY', '2026-01-06 00:38:28'),
       (33, 21, 'DR. EDDY', '2026-01-06 00:38:28'),
       (34, 21, 'DR. EDDY', '2026-01-06 00:38:28'),
       (35, 21, 'DR. EDDY', '2026-01-06 00:38:28'),
       (36, 21, 'DR. EDDY', '2026-01-06 00:38:28'),
       (37, 22, 'SRA. LORENZA', '2026-01-06 01:04:59'),
       (38, 23, 'JOSE ANGEL', '2026-01-06 03:49:18'),
       (39, 24, 'ALMA', '2026-01-06 03:52:45'),
       (40, 25, 'JENNY', '2026-01-06 03:56:58'),
       (41, 26, 'JENNY', '2026-01-06 03:57:52'),
       (42, 35, 'CELESTINO', '2026-01-07 18:14:10'),
       (43, 35, 'ERIKA', '2026-01-07 18:14:10'),
       (44, 66, 'Marlen Moreno', '2026-01-11 18:10:58'),
       (45, 75, 'alma sandoval', '2026-01-12 00:45:22'),
       (46, 75, 'genaro castillo', '2026-01-12 00:45:22'),
       (47, 120, 'Eduardo Herrera', '2026-01-17 15:40:23'),
       (48, 120, 'Nelly vazquez', '2026-01-17 15:40:23'),
       (49, 120, 'Alejandra herrera', '2026-01-17 15:40:23'),
       (50, 122, 'Má de Rosario cedillo', '2026-01-17 16:41:07'),
       (51, 166, 'Edgar Guadalupe', '2026-01-22 23:31:16'),
       (52, 183, 'José Waldo Castañeda Meléndez', '2026-01-24 02:37:09'),
       (53, 184, 'Fatima', '2026-01-24 04:13:19'),
       (54, 219, 'Viviana aguilar', '2026-01-26 02:55:30'),
       (55, 305, 'Edna cedillo', '2026-01-31 05:11:27'),
       (56, 305, 'Sol hernandez', '2026-01-31 05:11:27'),
       (57, 359, 'Má de Rosario cedillo', '2026-02-04 20:34:25'),
       (58, 359, 'Leonardo Mejia', '2026-02-04 20:34:25');
/*!40000 ALTER TABLE `transporte_reservation_passengers`
    ENABLE KEYS */;
UNLOCK TABLES;

--
-- Table structure for table `transporte_reservations`
--

DROP TABLE IF EXISTS `transporte_reservations`;
/*!40101 SET @saved_cs_client = @@character_set_client */;
/*!40101 SET character_set_client = utf8 */;
CREATE TABLE `transporte_reservations`
(
    `id`                       bigint(20)                                                              NOT NULL AUTO_INCREMENT,
    `trip_id`                  bigint(20)                                                              NOT NULL,
    `type`                     enum ('PASSENGER','PACKAGE')                                            NOT NULL,
    `seats`                    int(11)                                                                 NOT NULL DEFAULT 1,
    `customer_name`            varchar(120)                                                            NOT NULL,
    `phone`                    varchar(30)                                                             NOT NULL,
    `package_details`          varchar(255)                                                                     DEFAULT NULL,
    `status`                   enum ('PENDING_PAYMENT','PAY_AT_BOARDING','PAID','CANCELLED','EXPIRED') NOT NULL DEFAULT 'PENDING_PAYMENT',
    `created_at`               timestamp                                                               NOT NULL DEFAULT current_timestamp(),
    `folio_date`               date                                                                    NOT NULL,
    `daily_seq`                int(10) unsigned                                                        NOT NULL,
    `payment_method`           enum ('TAQUILLA','TRANSFERENCIA','ONLINE')                              NOT NULL DEFAULT 'TAQUILLA',
    `transfer_ref`             varchar(120)                                                                     DEFAULT NULL,
    `unit_price_mxn`           decimal(10, 2)                                                          NOT NULL DEFAULT 120.00,
    `amount_total_mxn`         decimal(10, 2)                                                          NOT NULL DEFAULT 120.00,
    `paid_at`                  datetime                                                                         DEFAULT NULL,
    `stripe_session_id`        varchar(255)                                                                     DEFAULT NULL,
    `stripe_payment_intent_id` varchar(255)                                                                     DEFAULT NULL,
    `public_token`             varchar(64)                                                                      DEFAULT NULL,
    PRIMARY KEY (`id`),
    UNIQUE KEY `uq_res_folio_date_daily_seq` (`folio_date`, `daily_seq`),
    UNIQUE KEY `uq_res_public_token` (`public_token`),
    KEY `idx_transporte_res_trip` (`trip_id`),
    KEY `idx_transporte_res_phone` (`phone`),
    CONSTRAINT `fk_transporte_res_trip` FOREIGN KEY (`trip_id`) REFERENCES `transporte_trips` (`id`) ON UPDATE CASCADE
) ENGINE = InnoDB
  AUTO_INCREMENT = 402
  DEFAULT CHARSET = utf8mb4
  COLLATE = utf8mb4_unicode_ci;
/*!40101 SET character_set_client = @saved_cs_client */;

--
-- Dumping data for table `transporte_reservations`
--

LOCK TABLES `transporte_reservations` WRITE;
/*!40000 ALTER TABLE `transporte_reservations`
    DISABLE KEYS */;
INSERT INTO `transporte_reservations`
VALUES (1, 1, 'PASSENGER', 1, 'Ladislao Rivera Mireles', '8341754423', NULL, 'CANCELLED', '2026-01-05 02:16:29',
        '2026-01-04', 1, 'TAQUILLA', NULL, 120.00, 120.00, NULL, NULL, NULL, NULL),
       (2, 11, 'PASSENGER', 1, 'Maria del Carmen', '8312415893', NULL, 'PAID', '2026-01-05 02:20:46', '2026-01-05', 1,
        'TAQUILLA', NULL, 120.00, 120.00, NULL, NULL, NULL, NULL),
       (3, 23, 'PASSENGER', 4, 'Rubí Quiroz', '8131930044', NULL, 'PAID', '2026-01-05 02:27:24', '2026-01-05', 2,
        'TAQUILLA', NULL, 120.00, 480.00, NULL, NULL, NULL, NULL),
       (4, 22, 'PASSENGER', 2, 'RAQUEL', '8343535866', NULL, 'PAID', '2026-01-05 04:59:56', '2026-01-05', 3, 'TAQUILLA',
        NULL, 120.00, 240.00, NULL, NULL, NULL, NULL),
       (5, 22, 'PASSENGER', 1, 'SILVESTRE', '8341590896', NULL, 'PAID', '2026-01-05 05:03:08', '2026-01-05', 4,
        'TAQUILLA', NULL, 120.00, 120.00, NULL, NULL, NULL, NULL),
       (6, 21, 'PASSENGER', 1, 'RAMIRO', '8341150966', NULL, 'PAID', '2026-01-05 05:08:10', '2026-01-05', 5, 'TAQUILLA',
        NULL, 120.00, 120.00, NULL, NULL, NULL, NULL),
       (7, 21, 'PASSENGER', 3, 'MAGDALENA', '8341307081', NULL, 'PAID', '2026-01-05 05:11:35', '2026-01-05', 6,
        'TAQUILLA', NULL, 120.00, 360.00, NULL, NULL, NULL, NULL),
       (8, 21, 'PASSENGER', 2, 'APARTADO', '8342467310', NULL, 'PAID', '2026-01-05 05:14:29', '2026-01-05', 7,
        'TAQUILLA', NULL, 120.00, 240.00, NULL, NULL, NULL, NULL),
       (9, 12, 'PASSENGER', 1, 'CAROLINA', '8343086070', NULL, 'PAID', '2026-01-05 05:17:20', '2026-01-05', 8,
        'TAQUILLA', NULL, 120.00, 120.00, NULL, NULL, NULL, NULL),
       (10, 23, 'PASSENGER', 1, 'ALEJANDRO', '8994497661', NULL, 'PAID', '2026-01-05 05:20:04', '2026-01-05', 9,
        'TAQUILLA', NULL, 120.00, 120.00, NULL, NULL, NULL, NULL),
       (11, 22, 'PASSENGER', 1, 'Antonio González', '8342738494', NULL, 'PAID', '2026-01-05 14:42:42', '2026-01-05', 10,
        'TAQUILLA', NULL, 120.00, 120.00, NULL, NULL, NULL, NULL),
       (12, 22, 'PASSENGER', 2, 'Jorge Luis', '8343502161', NULL, 'PAID', '2026-01-05 15:14:27', '2026-01-05', 11,
        'TAQUILLA', NULL, 120.00, 240.00, NULL, NULL, NULL, NULL),
       (13, 13, 'PASSENGER', 1, 'Perla castillo', '8312374680', NULL, 'PAID', '2026-01-05 17:13:45', '2026-01-05', 12,
        'TAQUILLA', NULL, 120.00, 120.00, NULL, NULL, NULL, NULL),
       (14, 15, 'PASSENGER', 1, 'Yolanda reyes', '8343013919', NULL, 'CANCELLED', '2026-01-05 18:22:49', '2026-01-05',
        13, 'TAQUILLA', NULL, 120.00, 120.00, NULL, NULL, NULL, NULL),
       (15, 15, 'PASSENGER', 1, 'PANCHO LLERA', '8344257374', NULL, 'PAID', '2026-01-05 19:57:28', '2026-01-05', 14,
        'TAQUILLA', NULL, 120.00, 120.00, NULL, NULL, NULL, NULL),
       (16, 25, 'PASSENGER', 1, 'MARIA DEL CARMEN', '8312415893', NULL, 'PAY_AT_BOARDING', '2026-01-05 20:16:14',
        '2026-01-05', 15, 'TAQUILLA', NULL, 120.00, 120.00, NULL, NULL, NULL, NULL),
       (17, 36, 'PASSENGER', 2, 'CHENTY', '8343041025', NULL, 'PAID', '2026-01-05 20:21:01', '2026-01-06', 1,
        'TAQUILLA', NULL, 120.00, 240.00, NULL, NULL, NULL, NULL),
       (18, 15, 'PASSENGER', 2, 'SRA. ESTHELA', '8341504423', NULL, 'PAID', '2026-01-05 20:29:44', '2026-01-05', 16,
        'TAQUILLA', NULL, 120.00, 240.00, NULL, NULL, NULL, NULL),
       (19, 15, 'PASSENGER', 1, 'DAVID LLERA', '8311619538', NULL, 'PAID', '2026-01-05 20:51:58', '2026-01-05', 17,
        'TAQUILLA', NULL, 120.00, 120.00, NULL, NULL, NULL, NULL),
       (20, 40, 'PASSENGER', 1, 'DENISSE TREVIÑO', '8145952319', NULL, 'PAID', '2026-01-05 21:02:23', '2026-01-06', 2,
        'TAQUILLA', NULL, 120.00, 120.00, NULL, NULL, NULL, NULL),
       (21, 41, 'PASSENGER', 6, 'DR. EDDY', '8341504934', NULL, 'CANCELLED', '2026-01-06 00:38:28', '2026-01-07', 1,
        'TAQUILLA', NULL, 120.00, 720.00, NULL, NULL, NULL, NULL),
       (22, 36, 'PASSENGER', 1, 'SRA. LORENZA', '8321043848', NULL, 'PAID', '2026-01-06 01:04:59', '2026-01-06', 3,
        'TAQUILLA', NULL, 120.00, 120.00, NULL, NULL, NULL, NULL),
       (23, 37, 'PASSENGER', 1, 'JOSE ANGEL', '8344795268', NULL, 'PAID', '2026-01-06 03:49:18', '2026-01-06', 4,
        'TAQUILLA', NULL, 120.00, 120.00, '2026-01-06 15:50:25', NULL, NULL, NULL),
       (24, 36, 'PASSENGER', 1, 'ALMA', '8343522718', NULL, 'PAID', '2026-01-06 03:52:45', '2026-01-06', 5, 'TAQUILLA',
        NULL, 120.00, 120.00, NULL, NULL, NULL, NULL),
       (25, 37, 'PASSENGER', 1, 'JENNY', '8342715399', NULL, 'PAY_AT_BOARDING', '2026-01-06 03:56:58', '2026-01-06', 6,
        'TAQUILLA', NULL, 120.00, 120.00, NULL, NULL, NULL, NULL),
       (26, 29, 'PASSENGER', 1, 'JENNY', '8342715399', NULL, 'PAY_AT_BOARDING', '2026-01-06 03:57:52', '2026-01-06', 7,
        'TAQUILLA', NULL, 120.00, 120.00, NULL, NULL, NULL, NULL),
       (27, 5, 'PASSENGER', 1, 'Ladislao Rivera M', '8341754423', NULL, 'PAY_AT_BOARDING', '2026-01-06 09:47:57',
        '2026-01-04', 2, 'TAQUILLA', NULL, 120.00, 120.00, NULL, NULL, NULL, NULL),
       (28, 30, 'PACKAGE', 0, 'Ladislao Rivera', '8341754423', 'Prueba de pago en línea', 'CANCELLED',
        '2026-01-06 23:10:22', '2026-01-06', 8, 'ONLINE', NULL, 10.00, 10.00, '2026-01-06 23:13:02',
        'cs_live_a16sCB41g5gRVFYm6t3UByLHJoRiGCsq2ZkjPko2af0AYzGjyskELgxHiL', 'pi_3SmjQtGzfO970Sn20B05z22o',
        '-gC6lOnrBEdmW8BZh3uDtFoSEsKC3b3J'),
       (29, 26, 'PASSENGER', 5, 'Guadalupe Mireles', '8343545075', NULL, 'PAID', '2026-01-06 23:17:15', '2026-01-06', 9,
        'TAQUILLA', NULL, 120.00, 600.00, '2026-01-06 23:17:58',
        'cs_live_a16GniwJ8BOJ2awhjQtfLDCAXhQTUFTL5QRcv10QOweICHPKWQusz3egsW', NULL, 'aTDbVjYp6vKktNRqI19H-cJZdk-gV-Cr'),
       (30, 41, 'PASSENGER', 6, 'oscar ramirez', '3142955854', NULL, 'PAID', '2026-01-07 04:06:52', '2026-01-07', 2,
        'TAQUILLA', NULL, 120.00, 720.00, '2026-01-07 04:08:35', NULL, NULL, 'lEhwBkJSwJKQSp5ye-t3ahXHS55o0eGM'),
       (31, 42, 'PASSENGER', 2, 'ADRIANA', '8125856967', NULL, 'PAID', '2026-01-07 04:14:14', '2026-01-07', 3,
        'TAQUILLA', NULL, 120.00, 240.00, '2026-01-07 16:54:44', NULL, NULL, '1u1_Km3trRACoSOU59NtITToaNfSQyb_'),
       (32, 42, 'PASSENGER', 1, 'KARINA', '8312375373', NULL, 'CANCELLED', '2026-01-07 04:16:03', '2026-01-07', 4,
        'TAQUILLA', NULL, 120.00, 120.00, NULL, NULL, NULL, 'uCLqiY9TZv2Km1mmvXJNdTvrrLEguc0S'),
       (33, 31, 'PACKAGE', 0, 'DISTRIBUIDORA KUFFERATH', '8341754423', 'Refacciones para APTIV Llera', 'CANCELLED',
        '2026-01-07 04:31:45', '2026-01-07', 5, 'ONLINE', NULL, 10.00, 10.00, '2026-01-07 04:33:48',
        'cs_live_a1mnIYhEVgfHXEtxQDmRNBIHXMPVN8vmwNdHKb1H2SbIwa711hAd1Wn6Gq', 'pi_3SmoRKGzfO970Sn20eXHQBtx',
        'Fs2FwbNd-Sm49r9qR_gQv28aG4B9FWXh'),
       (34, 242, 'PASSENGER', 2, 'Alicia alvarado', '7828886202', NULL, 'PAID', '2026-01-07 15:46:34', '2026-01-08', 1,
        'TAQUILLA', NULL, 120.00, 240.00, '2026-01-08 03:24:12', NULL, NULL, 'fooQhspKVJTMRaQ5_rVzyTAFApUrUg5E'),
       (35, 35, 'PASSENGER', 2, 'ERIKA', '8342225612', NULL, 'PAID', '2026-01-07 18:14:10', '2026-01-07', 6, 'TAQUILLA',
        NULL, 120.00, 240.00, '2026-01-07 18:15:03', NULL, NULL, '7ATHCJ4NRgErnssieBBilBTfkGEFRfHf'),
       (36, 242, 'PASSENGER', 1, 'Heidy Chávez', '8341176391', NULL, 'PAID', '2026-01-08 00:10:44', '2026-01-08', 2,
        'TAQUILLA', NULL, 120.00, 120.00, '2026-01-08 03:26:18', NULL, NULL, '1XhPeOBN_1WV4_BALcLy3aWZrpfwWcyb'),
       (37, 95, 'PASSENGER', 1, 'GLORIA FLORES', '8341556403', NULL, 'PAY_AT_BOARDING', '2026-01-08 01:10:36',
        '2026-01-09', 1, 'TAQUILLA', NULL, 120.00, 120.00, NULL, NULL, NULL, 'UuHuphAxvN24Tm5UhxynznJKtxpFV55C'),
       (38, 50, 'PASSENGER', 1, 'Camila Leal Garcia', '8321056304', NULL, 'PAID', '2026-01-08 15:25:42', '2026-01-08',
        3, 'TAQUILLA', NULL, 120.00, 120.00, '2026-01-09 00:56:25', NULL, NULL, 'eTpZ9d0SNBZkP3hbCPXCjG6PuZIAkQ_c'),
       (39, 244, 'PASSENGER', 1, 'Yolanda aguirre', '8312375373', NULL, 'PAID', '2026-01-08 16:13:08', '2026-01-08', 4,
        'TAQUILLA', NULL, 120.00, 120.00, '2026-01-08 16:58:15', NULL, NULL, 'FsNgnEWD3wC_-IWCJAXJGWnkoeXLEu0J'),
       (40, 97, 'PASSENGER', 1, 'Lizeth Galván', '8312375373', NULL, 'CANCELLED', '2026-01-08 17:14:03', '2026-01-09',
        2, 'TAQUILLA', NULL, 120.00, 120.00, NULL, NULL, NULL, '6FuD9JRBkKSLbAazvm1WBoXlgSb6LWmR'),
       (41, 50, 'PASSENGER', 2, 'Alicia alvarado', '7828886202', NULL, 'CANCELLED', '2026-01-08 17:19:55', '2026-01-08',
        5, 'TAQUILLA', NULL, 120.00, 240.00, NULL, NULL, NULL, '_yvrB9MYLKa9jhtr8D1YDR1-myZXNK7T'),
       (42, 246, 'PASSENGER', 1, 'Erika ibarra', '8342225612', NULL, 'PAID', '2026-01-08 20:08:41', '2026-01-08', 6,
        'TAQUILLA', NULL, 120.00, 120.00, '2026-01-09 00:54:38', NULL, NULL, 'ER2_i3JeQvlL3nT3ex77gZZ340FF_TL5'),
       (43, 94, 'PASSENGER', 4, 'Lorena Cumpean', '8341508695', NULL, 'CANCELLED', '2026-01-08 21:09:36', '2026-01-09',
        3, 'TAQUILLA', NULL, 120.00, 480.00, NULL, NULL, NULL, 'mEZl8BLF_3se6UJAUm4sn9JM2-n7xb7v'),
       (44, 95, 'PASSENGER', 4, 'Lorena Cumpean', '8341508695', NULL, 'PAY_AT_BOARDING', '2026-01-08 21:10:02',
        '2026-01-09', 4, 'TAQUILLA', NULL, 120.00, 480.00, NULL, NULL, NULL, 'KeNwQV_hWoyDeYnBi9yfLu4qQthHv2-j'),
       (45, 246, 'PASSENGER', 1, 'Lety Sepúlveda', '8312375373', NULL, 'PAID', '2026-01-08 21:49:39', '2026-01-08', 7,
        'TAQUILLA', NULL, 120.00, 120.00, '2026-01-09 00:54:41', NULL, NULL, 'RrKERsSip_TQ15I00S-Tcvmcl5a2E5Kp'),
       (46, 54, 'PASSENGER', 1, 'Simón Malibran', '8677523936', NULL, 'PAY_AT_BOARDING', '2026-01-08 23:26:47',
        '2026-01-09', 5, 'TAQUILLA', NULL, 120.00, 120.00, NULL, NULL, NULL, 'rvMLXS71GU9_j93e3f_Qab9gfT_GxTZ7'),
       (47, 94, 'PASSENGER', 1, 'Karla Fernández', '8343518105', NULL, 'PAID', '2026-01-09 02:58:43', '2026-01-09', 6,
        'TAQUILLA', NULL, 120.00, 120.00, '2026-01-09 14:18:30', NULL, NULL, 'aYeCJ9i1MUeZvnFvitjjprk7Afe95PCd'),
       (48, 53, 'PASSENGER', 1, 'Erika De la Rosa', '8312281858', NULL, 'PAID', '2026-01-09 14:45:29', '2026-01-09', 7,
        'TAQUILLA', NULL, 120.00, 120.00, '2026-01-09 16:56:41', NULL, NULL, 'KzXDuheV_5tUdZCJ4Mf352t7uLurxZpa'),
       (49, 95, 'PASSENGER', 1, 'Hugo Castañeda', '9651280884', NULL, 'PAY_AT_BOARDING', '2026-01-09 15:28:12',
        '2026-01-09', 8, 'TAQUILLA', NULL, 120.00, 120.00, NULL, NULL, NULL, 'bX2XPiDKiJnhpxqrXCcRA1inGQ-PkRs3'),
       (50, 53, 'PASSENGER', 1, 'Daniela Hernández', '8342746763', NULL, 'PAID', '2026-01-09 15:38:53', '2026-01-09', 9,
        'TAQUILLA', NULL, 120.00, 120.00, '2026-01-09 16:56:44', NULL, NULL, 'EPrJHGCd6tKp14SEzsszLj1_MNEYNH4F'),
       (51, 96, 'PASSENGER', 1, 'Yolanda aguirre', '8312375375', NULL, 'PAY_AT_BOARDING', '2026-01-09 16:16:46',
        '2026-01-09', 10, 'TAQUILLA', NULL, 120.00, 120.00, NULL, NULL, NULL, 'I30ajc1sf9EQNpsoFbOTHlqTr5dlDCnH'),
       (52, 96, 'PASSENGER', 1, 'Omar Lugo', '8342072555', NULL, 'PAID', '2026-01-09 16:51:22', '2026-01-09', 11,
        'TAQUILLA', NULL, 120.00, 120.00, '2026-01-09 17:50:10', NULL, NULL, 'hXuwjjdzAOP57FTnQFe4plZaMPS2tjSQ'),
       (53, 96, 'PASSENGER', 1, 'Omar Lugo', '8342072555', NULL, 'CANCELLED', '2026-01-09 16:51:55', '2026-01-09', 12,
        'TAQUILLA', NULL, 120.00, 120.00, NULL, NULL, NULL, 'YivQ8dA0CE3OYNTt3To089OssV5YbqNC'),
       (54, 481, 'PASSENGER', 1, 'Carlos Flores', '8343085298', NULL, 'PAID', '2026-01-10 21:40:26', '2026-01-11', 1,
        'TAQUILLA', NULL, 120.00, 120.00, '2026-01-11 04:53:47', NULL, NULL, 'WBB2Uo9Ecy1duVfmo-Rljft-5uNXytz3'),
       (55, 488, 'PASSENGER', 1, 'Joselyn Noriega Lopez', '8342474210', NULL, 'PAY_AT_BOARDING', '2026-01-10 23:39:18',
        '2026-01-11', 2, 'TAQUILLA', NULL, 120.00, 120.00, NULL, NULL, NULL, 'HH5ZV9NrtmWU5P_usBMjo0ueT4Tfm2tj'),
       (56, 486, 'PASSENGER', 1, 'Anabel soni', '8341506008', NULL, 'PAY_AT_BOARDING', '2026-01-10 23:47:54',
        '2026-01-11', 3, 'TAQUILLA', NULL, 120.00, 120.00, NULL, NULL, NULL, 'IzulVOlv8hjn_Ro0MgAaAhTCaV7gUK38'),
       (57, 484, 'PASSENGER', 3, 'Meredid Roque', '8344083933', NULL, 'CANCELLED', '2026-01-11 02:22:33', '2026-01-11',
        4, 'TAQUILLA', NULL, 120.00, 360.00, NULL, NULL, NULL, 'vzXCU_WjBLC3ubsqwRO0yoRKF1tqvK9z'),
       (58, 481, 'PASSENGER', 1, 'Marisol', '8342542215', NULL, 'PAID', '2026-01-11 03:13:02', '2026-01-11', 5,
        'TAQUILLA', NULL, 120.00, 120.00, '2026-01-11 04:52:42', NULL, NULL, 'EqL657YRODbOr0s5I1KofEvW54GESTVW'),
       (59, 488, 'PASSENGER', 2, 'Ma del Rosario', '8344756376', NULL, 'PAY_AT_BOARDING', '2026-01-11 04:41:44',
        '2026-01-11', 6, 'TAQUILLA', NULL, 120.00, 240.00, NULL, NULL, NULL, '723k00Yjdu7AVnBRvP3p_BszhQFOYiRM'),
       (60, 486, 'PASSENGER', 1, 'ALICIA', '8343009581', NULL, 'PAY_AT_BOARDING', '2026-01-11 04:45:29', '2026-01-11',
        7, 'TAQUILLA', NULL, 120.00, 120.00, NULL, NULL, NULL, 'nAjVihEHKj_LiRt57Y2LhLYYB6qTXSvX'),
       (62, 488, 'PASSENGER', 2, 'Irma', '8311023953', NULL, 'PAY_AT_BOARDING', '2026-01-11 17:11:19', '2026-01-11', 8,
        'TAQUILLA', NULL, 120.00, 240.00, NULL, NULL, NULL, 'G-2tU80K5l_9oRdOjQYjw7XFh2SZxNC0'),
       (63, 484, 'PASSENGER', 2, 'Irma', '8311023953', NULL, 'CANCELLED', '2026-01-11 17:55:40', '2026-01-11', 9,
        'TAQUILLA', NULL, 120.00, 240.00, NULL, NULL, NULL, 'Kejnsnlovm3jg2uBJYzI8tYhK6IQcMa0'),
       (64, 484, 'PASSENGER', 3, 'Mereidi', '8344083933', NULL, 'CANCELLED', '2026-01-11 18:09:44', '2026-01-11', 10,
        'TAQUILLA', NULL, 120.00, 360.00, NULL, NULL, NULL, 'wDY8dcY-NCmkgzKgYgIJREcHlsjhpabF'),
       (65, 485, 'PASSENGER', 3, 'Mereidi', '8344083933', NULL, 'PAID', '2026-01-11 18:10:16', '2026-01-11', 11,
        'TAQUILLA', NULL, 120.00, 360.00, '2026-01-12 00:26:42', NULL, NULL, 'jg463gwmBsi4NtowlkZv9yOGGHYE_GB3'),
       (66, 490, 'PASSENGER', 1, 'Marlen', '8343000502', NULL, 'CANCELLED', '2026-01-11 18:10:58', '2026-01-11', 12,
        'TRANSFERENCIA', NULL, 120.00, 120.00, NULL, NULL, NULL, 'MfP-8qsWCI_y0CTjzXYd_cw-VwfEQEDD'),
       (67, 489, 'PASSENGER', 1, 'Santiago Molina', '8311617882', NULL, 'CANCELLED', '2026-01-11 18:23:06',
        '2026-01-11', 13, 'TAQUILLA', NULL, 120.00, 120.00, NULL, NULL, NULL, 'jsuUHA9HZFjMxiK8U0L7TWJtP1Cyv4QF'),
       (68, 490, 'PASSENGER', 1, 'Angel vega', '8342674476', NULL, 'PAID', '2026-01-11 18:23:24', '2026-01-11', 14,
        'TAQUILLA', NULL, 120.00, 120.00, '2026-01-12 00:27:53', NULL, NULL, 'T1-hUawiXY6a-KRAoNi9_CSmuaslauB8'),
       (69, 485, 'PASSENGER', 2, 'Irma', '8311023953', NULL, 'CANCELLED', '2026-01-11 19:08:40', '2026-01-11', 15,
        'TAQUILLA', NULL, 120.00, 240.00, NULL, NULL, NULL, 'OiAI68g6GMdiv95B-zFmYYHKHXOXGMp5'),
       (70, 489, 'PASSENGER', 1, 'Jonathan molina', '8341435459', NULL, 'PAID', '2026-01-11 19:25:50', '2026-01-11', 16,
        'TAQUILLA', NULL, 120.00, 120.00, '2026-01-12 00:24:04', NULL, NULL, 'rIqhimV2u-o6b1qBIy823c39St6qy4ij'),
       (71, 490, 'PASSENGER', 1, 'Evan Sebastian Alva Cantero', '8341414022', NULL, 'PAID', '2026-01-11 21:03:05',
        '2026-01-11', 17, 'TAQUILLA', NULL, 120.00, 120.00, '2026-01-12 00:27:56', NULL, NULL,
        'CIbN6lU875u-PqlsQaDbyU_R4sOyuC5U'),
       (73, 500, 'PASSENGER', 1, 'Ruby Salazar', '8343507612', NULL, 'PAID', '2026-01-11 22:01:14', '2026-01-12', 1,
        'TAQUILLA', NULL, 120.00, 120.00, '2026-01-12 21:29:41', NULL, NULL, 'hK9WyRaR5E30SzOo7Z4bkyJshgHiU7fX'),
       (75, 500, 'PASSENGER', 2, 'alma', '8343522718', NULL, 'PAID', '2026-01-12 00:45:22', '2026-01-12', 2, 'TAQUILLA',
        NULL, 120.00, 240.00, '2026-01-12 21:29:44', NULL, NULL, 'kZkEFu7Ub1hLKZ_Sqzley4i2UUicLuQb'),
       (76, 500, 'PASSENGER', 1, 'MAR CASTAÑEDA', '8342092952', NULL, 'PAID', '2026-01-12 00:48:10', '2026-01-12', 3,
        'TAQUILLA', NULL, 120.00, 120.00, '2026-01-12 21:29:50', NULL, NULL, 'HRAAQO0c5Lj2R-Nw9xZ80TNwm290IbPC'),
       (77, 504, 'PASSENGER', 1, 'Karla Fernández', '8343518105', NULL, 'PAID', '2026-01-12 02:30:20', '2026-01-12', 4,
        'TRANSFERENCIA', '5446164', 120.00, 120.00, '2026-01-12 03:02:21', NULL, NULL,
        'azQdq1WlBjPrVkr9Z2GXkY8Oo6tPjm7P'),
       (84, 506, 'PASSENGER', 1, 'Carmen lobato', '8312375373', NULL, 'PAID', '2026-01-12 16:13:22', '2026-01-12', 5,
        'TAQUILLA', NULL, 120.00, 120.00, '2026-01-12 21:29:25', NULL, NULL, '1P20sRWKo1tKF31BPyi3iFo2YvlVSjqp'),
       (85, 411, 'PASSENGER', 1, 'Antonio gonzales', '8342738494', NULL, 'CANCELLED', '2026-01-13 02:15:42',
        '2026-01-13', 1, 'TAQUILLA', NULL, 120.00, 120.00, NULL, NULL, NULL, '1TbcR0uta7RYPLRHcW1uAAEIpax96uPD'),
       (86, 411, 'PASSENGER', 1, 'CECILIA MENDOZA', '8342578931', NULL, 'PAY_AT_BOARDING', '2026-01-13 02:51:21',
        '2026-01-13', 2, 'TAQUILLA', NULL, 120.00, 120.00, NULL, NULL, NULL, 'vFc2grWEpjBK9wHwWlVlsGmKxBF5Aa7S'),
       (87, 535, 'PASSENGER', 1, 'Alejandra Herrera', '8342527991', NULL, 'PAID', '2026-01-13 15:41:57', '2026-01-15',
        1, 'TAQUILLA', NULL, 120.00, 120.00, '2026-01-15 14:39:55', NULL, NULL, 'l2kwllD8DDtDtxAqYSxT6oaBbkW_x-50'),
       (88, 534, 'PASSENGER', 1, 'Amado Vázquez Soto', '8343004552', NULL, 'PAY_AT_BOARDING', '2026-01-13 17:37:10',
        '2026-01-15', 2, 'TAQUILLA', NULL, 120.00, 120.00, NULL, NULL, NULL, '81hMcZsv78ObAM8-AvkuovLHcrCqHW4o'),
       (89, 539, 'PASSENGER', 1, 'Amado Vázquez SOTO', '8343004552', NULL, 'PAY_AT_BOARDING', '2026-01-13 17:59:13',
        '2026-01-15', 3, 'TAQUILLA', NULL, 120.00, 120.00, NULL, NULL, NULL, 'eNOPKTuqBB9lCFY6q3BbG7lFs2DaBX18'),
       (90, 534, 'PASSENGER', 1, 'Karina medellin', '8312375373', NULL, 'PAY_AT_BOARDING', '2026-01-14 17:07:07',
        '2026-01-15', 4, 'TAQUILLA', NULL, 120.00, 120.00, NULL, NULL, NULL, 'ZQ5EbnSNrT5TWuUjc51RQ2m5Mf1cctKt'),
       (91, 533, 'PASSENGER', 1, 'Akemi Sanchez', '8341151800', NULL, 'PAY_AT_BOARDING', '2026-01-14 19:56:17',
        '2026-01-15', 5, 'TAQUILLA', NULL, 120.00, 120.00, NULL, NULL, NULL, 'zXkKHdSDeDLegBhIGC6Me09lKVHvtQzV'),
       (92, 534, 'PACKAGE', 0, 'Gloria', '8342028835', 'Notaría N 48', 'PAY_AT_BOARDING', '2026-01-14 20:04:27',
        '2026-01-15', 6, 'TAQUILLA', NULL, 120.00, 120.00, NULL, NULL, NULL, 'HN3xlu8bfzSpgyqJMkW35HhaBlchTtp2'),
       (93, 535, 'PACKAGE', 0, 'Cesario cordova', '8312375373', 'Victoria central', 'PAID', '2026-01-15 14:49:14',
        '2026-01-15', 7, 'TAQUILLA', NULL, 120.00, 120.00, '2026-01-15 16:28:26', NULL, NULL,
        'd1ugTMi9SmipHBUPYO4-UlOvacAyrD5h'),
       (94, 537, 'PASSENGER', 1, 'Ana Reyes', '8361166043', NULL, 'CANCELLED', '2026-01-15 16:44:48', '2026-01-15', 8,
        'TAQUILLA', NULL, 120.00, 120.00, NULL, NULL, NULL, 'MazeO5jw2iI5zD0lBTaYsLjz8MaOGorz'),
       (95, 541, 'PASSENGER', 1, 'Juana María', '8341479204', NULL, 'PAY_AT_BOARDING', '2026-01-15 18:49:33',
        '2026-01-15', 9, 'TAQUILLA', NULL, 120.00, 120.00, NULL, NULL, NULL, 'Pwb1YgRBqomj8lijgKDvZaiJ9mfP8oxQ'),
       (96, 599, 'PASSENGER', 1, 'Evelin', '8344286757', NULL, 'PAID', '2026-01-15 23:14:13', '2026-01-17', 1,
        'TAQUILLA', NULL, 120.00, 120.00, '2026-01-17 16:53:13', NULL, NULL, 'DtfEJIdMKDVTwiY5oTDkvHCkaU32QV9Y'),
       (97, 550, 'PASSENGER', 2, 'TOMAS AVALOS', '8342028714', NULL, 'PAY_AT_BOARDING', '2026-01-16 00:23:28',
        '2026-01-16', 1, 'TAQUILLA', NULL, 120.00, 240.00, NULL, NULL, NULL, 'LrKVBjOse2Dj7jekD4a6cTxIN6M_wOTK'),
       (98, 551, 'PACKAGE', 0, 'Fernanda', '8341472889', 'Tostadas 5 paquetes', 'PAY_AT_BOARDING',
        '2026-01-16 14:44:33', '2026-01-16', 2, 'TAQUILLA', NULL, 120.00, 120.00, NULL, NULL, NULL,
        'bzE9VbSYXFvm7yHiW23aNSDiRvWzREzY'),
       (99, 552, 'PASSENGER', 1, 'Aracely soto', '8341590896', NULL, 'PAY_AT_BOARDING', '2026-01-16 14:45:35',
        '2026-01-16', 3, 'TAQUILLA', NULL, 120.00, 120.00, NULL, NULL, NULL, 'GRGnKmqLgAN_bpiRQJSiSiUPXKWRbgW6'),
       (100, 555, 'PASSENGER', 1, 'Mayrin', '8342703012', NULL, 'CANCELLED', '2026-01-16 16:05:10', '2026-01-16', 4,
        'TAQUILLA', NULL, 120.00, 120.00, NULL, NULL, NULL, 'mp-oKTGKAcHSJ6ElWqTQTvbOB0lz70eF'),
       (101, 553, 'PASSENGER', 2, 'Mariana y Mayrin', '8341452853', NULL, 'CANCELLED', '2026-01-16 16:09:51',
        '2026-01-16', 5, 'TAQUILLA', NULL, 120.00, 240.00, NULL, NULL, NULL, 'bvI7X3QnvghNL7r5hj-AbJlzdjdrQwpI'),
       (102, 555, 'PASSENGER', 2, 'Mariana y Mayrin', '8341482853', NULL, 'PAY_AT_BOARDING', '2026-01-16 16:12:08',
        '2026-01-16', 6, 'TAQUILLA', NULL, 120.00, 240.00, NULL, NULL, NULL, '5YsMzc_LVDv9sC3tKuUdxxSLplvaoyJH'),
       (103, 555, 'PASSENGER', 1, 'Josefina gaitan', '8341591352', NULL, 'PAY_AT_BOARDING', '2026-01-16 16:28:20',
        '2026-01-16', 7, 'TAQUILLA', NULL, 120.00, 120.00, NULL, NULL, NULL, 'P4SrAzRnHc2Fms-r6ehcP-YIHUKxq5Lh'),
       (104, 555, 'PASSENGER', 2, 'Tomas', '8312375373', NULL, 'PAY_AT_BOARDING', '2026-01-16 16:41:59', '2026-01-16',
        8, 'TAQUILLA', NULL, 120.00, 240.00, NULL, NULL, NULL, 'aKb6dVffJUd-dU7VGB3D_v5NWIsCP3SA'),
       (105, 555, 'PACKAGE', 0, 'Shula mix', '8341458851', 'Santa Elena', 'PAY_AT_BOARDING', '2026-01-16 17:10:59',
        '2026-01-16', 9, 'TAQUILLA', NULL, 120.00, 120.00, NULL, NULL, NULL, 'n5KS1Uwha4_JXHgWG265D5Asa0X92-us'),
       (106, 555, 'PACKAGE', 0, 'ROEL', '8341680095', 'METALES DE VIELA', 'PAY_AT_BOARDING', '2026-01-16 18:37:04',
        '2026-01-16', 10, 'TAQUILLA', NULL, 120.00, 120.00, NULL, NULL, NULL, '_vunM8tSLf2kSJS3kYvjLGafr6pDYiPv'),
       (107, 555, 'PACKAGE', 0, 'Taller del gordo', '8312375373', 'Ciudad Victoria', 'PAY_AT_BOARDING',
        '2026-01-16 18:54:36', '2026-01-16', 11, 'TAQUILLA', NULL, 120.00, 120.00, NULL, NULL, NULL,
        'SLQRxD-0OZJ3TKvQgoim68Quxq8JFD1t'),
       (108, 558, 'PASSENGER', 1, 'Omar lugo', '8312375373', NULL, 'PAY_AT_BOARDING', '2026-01-16 19:27:27',
        '2026-01-16', 12, 'TAQUILLA', NULL, 120.00, 120.00, NULL, NULL, NULL, 'pcf3YEYZLdtdHTTatVzVBzWXNV233hz1'),
       (109, 558, 'PASSENGER', 1, 'Señora Neri', '8312375373', NULL, 'PAY_AT_BOARDING', '2026-01-16 20:21:26',
        '2026-01-16', 13, 'TAQUILLA', NULL, 120.00, 120.00, NULL, NULL, NULL, '9DZivwr8jimHJj0wrrWANPtxqRQhwAMM'),
       (110, 557, 'PASSENGER', 1, 'Mario Hernández', '8312375373', NULL, 'PAY_AT_BOARDING', '2026-01-16 21:31:23',
        '2026-01-16', 14, 'TAQUILLA', NULL, 120.00, 120.00, NULL, NULL, NULL, 'YVaLeW8S2Q2xSrAIUHJP1NO7kxg4TzuX'),
       (111, 602, 'PASSENGER', 1, 'Leonardo Hernández', '8342715270', NULL, 'PAY_AT_BOARDING', '2026-01-16 22:07:27',
        '2026-01-17', 2, 'TAQUILLA', NULL, 120.00, 120.00, NULL, NULL, NULL, 'hL8d_vkaAOd2IT6o0_cO-h-ZSuLJV20I'),
       (112, 603, 'PASSENGER', 1, 'Aida Hernández', '8342659537', NULL, 'PAY_AT_BOARDING', '2026-01-17 01:11:14',
        '2026-01-17', 3, 'TAQUILLA', NULL, 120.00, 120.00, NULL, NULL, NULL, 'XIRyPEb462UHQFv8p1S7s-a_EbxYI6Ik'),
       (113, 603, 'PASSENGER', 1, 'Omar Lugo', '8342072555', NULL, 'PAY_AT_BOARDING', '2026-01-17 02:44:08',
        '2026-01-17', 4, 'TAQUILLA', NULL, 120.00, 120.00, NULL, NULL, NULL, 'SkGNIZUaRYBJxHV8PkRHozOyA4O9_dbm'),
       (114, 604, 'PASSENGER', 1, 'CARMAN LOBATO', '5533866698', NULL, 'PAY_AT_BOARDING', '2026-01-17 12:31:39',
        '2026-01-17', 5, 'TAQUILLA', NULL, 120.00, 120.00, NULL, NULL, NULL, '1YPPne8sbL5_pZyTytQ-oe4qRx35YLdo'),
       (115, 605, 'PASSENGER', 1, 'CARMEN LOBATO', '5533866698', NULL, 'PAY_AT_BOARDING', '2026-01-17 12:32:57',
        '2026-01-17', 6, 'TAQUILLA', NULL, 120.00, 120.00, NULL, NULL, NULL, 'cDndRinx9WnfWEkMoYvupDIndleHNSkh'),
       (116, 606, 'PASSENGER', 1, 'Razzy', '8342731453', NULL, 'PAY_AT_BOARDING', '2026-01-17 14:16:48', '2026-01-17',
        7, 'TAQUILLA', NULL, 120.00, 120.00, NULL, NULL, NULL, 'WhM6KbEdYcXAHpHfVOH1CTg_HdErRS9O'),
       (117, 604, 'PASSENGER', 1, 'Leonardo Hernández', '8312375373', NULL, 'PAY_AT_BOARDING', '2026-01-17 14:47:44',
        '2026-01-17', 8, 'TAQUILLA', NULL, 120.00, 120.00, NULL, NULL, NULL, 'QIXKjrkPliuA4Y3pFncoHfwtsmzPEFIm'),
       (118, 607, 'PASSENGER', 1, 'Paulina Morales', '8342683753', NULL, 'PAID', '2026-01-17 15:31:05', '2026-01-19', 1,
        'TAQUILLA', NULL, 120.00, 120.00, '2026-01-19 19:06:07', NULL, NULL, '9CrYTkLHPG0vDRxQrYfjcdF6D7eo8WBq'),
       (119, 608, 'PASSENGER', 1, 'Paulina Morales', '8342683753', NULL, 'PAID', '2026-01-17 15:34:46', '2026-01-19', 2,
        'TAQUILLA', NULL, 120.00, 120.00, '2026-01-19 19:04:57', NULL, NULL, '8j3e5GpnbeKg9UABJLGL9aQormN12DG8'),
       (120, 606, 'PASSENGER', 3, 'Eduardo Herrera', '8333778106', NULL, 'PAY_AT_BOARDING', '2026-01-17 15:40:23',
        '2026-01-17', 9, 'TAQUILLA', NULL, 120.00, 360.00, NULL, NULL, NULL, 'nY635wP_cQGr-F9N-0rBO7QPcoowbsrP'),
       (121, 603, 'PASSENGER', 1, 'Razzy', '8342731453', NULL, 'PAY_AT_BOARDING', '2026-01-17 16:05:32', '2026-01-17',
        10, 'TAQUILLA', NULL, 120.00, 120.00, NULL, NULL, NULL, 'LWwh0DdK1jtuSOv_E55pX23VYWZkRuZQ'),
       (122, 609, 'PASSENGER', 1, 'Má de Rosario cedillo', '8681187674', NULL, 'PAID', '2026-01-17 16:41:07',
        '2026-01-18', 1, 'TAQUILLA', NULL, 120.00, 120.00, '2026-01-18 18:04:17', NULL, NULL,
        'oImi0PTjf07C4siaa6o83La6im-8VALe'),
       (123, 610, 'PASSENGER', 1, 'Enrique Baez', '8143500952', NULL, 'PAID', '2026-01-17 18:44:31', '2026-01-17', 11,
        'TRANSFERENCIA', NULL, 120.00, 120.00, '2026-01-17 18:47:24', NULL, NULL, 'l1Zn1l3vP_qDq5AEBVgSbmj6sygSpISk'),
       (124, 603, 'PASSENGER', 2, 'Carlota', '8312375373', NULL, 'PAY_AT_BOARDING', '2026-01-17 20:53:32', '2026-01-17',
        12, 'TAQUILLA', NULL, 120.00, 240.00, NULL, NULL, NULL, 'bh56sUO-3JhVCytvlxCCJSoK8dlQ3I1P'),
       (125, 613, 'PASSENGER', 1, 'Yeni Alfaro', '8312375373', NULL, 'PAID', '2026-01-17 20:58:01', '2026-01-17', 13,
        'TAQUILLA', NULL, 120.00, 120.00, '2026-01-18 20:55:11', NULL, NULL, '1MWMudw9G59laoWGIMgF3SVhwTidWcH3'),
       (126, 613, 'PASSENGER', 1, 'Yeni Alfaro', '8312375373', NULL, 'PAID', '2026-01-17 20:58:02', '2026-01-17', 14,
        'TAQUILLA', NULL, 120.00, 120.00, '2026-01-18 20:55:09', NULL, NULL, 'tyFHbsncq8jO4Bj3cBB1YwAAuBJcgqho'),
       (127, 613, 'PASSENGER', 1, 'Pedro', '8341395841', NULL, 'PAID', '2026-01-17 21:16:53', '2026-01-17', 15,
        'TAQUILLA', NULL, 120.00, 120.00, '2026-01-18 20:52:32', NULL, NULL, 'eaeMXFQjPHHBTH-o0r6FFsoZSuCLOkwE'),
       (128, 615, 'PASSENGER', 1, 'Joselin', '8140212394', NULL, 'PAY_AT_BOARDING', '2026-01-18 01:21:05', '2026-01-18',
        2, 'TAQUILLA', NULL, 120.00, 120.00, NULL, NULL, NULL, 'LB-Q7f38LK_Wn1QhHAP9qZCYxrS6aN07'),
       (129, 616, 'PASSENGER', 1, 'Anabel soni', '8341506008', NULL, 'PAY_AT_BOARDING', '2026-01-18 02:01:45',
        '2026-01-18', 3, 'TAQUILLA', NULL, 120.00, 120.00, NULL, NULL, NULL, 'EZY9wyEeF5TR1YTA3RhhP-rQoxeNiGsB'),
       (130, 616, 'PASSENGER', 1, 'OLGUIN', '8341164124', NULL, 'PAY_AT_BOARDING', '2026-01-18 03:31:44', '2026-01-18',
        4, 'TAQUILLA', NULL, 120.00, 120.00, NULL, NULL, NULL, 'jzKRmddXoLtlNr-hE9B2faWj475UBfLI'),
       (131, 617, 'PASSENGER', 1, 'BERNARDO RUBIO', '8344269095', NULL, 'PAY_AT_BOARDING', '2026-01-18 04:01:16',
        '2026-01-18', 5, 'TAQUILLA', NULL, 120.00, 120.00, NULL, NULL, NULL, 'th0imwLOLaXvOW1s3Z--prEqatTsxR0q'),
       (132, 618, 'PASSENGER', 1, 'Erick', '8345851982', NULL, 'PAID', '2026-01-18 05:56:42', '2026-01-18', 6,
        'TAQUILLA', NULL, 120.00, 120.00, '2026-01-18 16:55:30', NULL, NULL, 'PTT4DBt1d8J8scSeFpjXw13vfS_ubVWG'),
       (133, 615, 'PASSENGER', 1, 'Erick', '8345851982', NULL, 'PAY_AT_BOARDING', '2026-01-18 06:00:09', '2026-01-18',
        7, 'TAQUILLA', NULL, 120.00, 120.00, NULL, NULL, NULL, 'FymlBtCLja55LpLnytdWZeFq6_WJcGho'),
       (134, 619, 'PASSENGER', 1, 'Lorenzo', '8341098270', NULL, 'PAY_AT_BOARDING', '2026-01-18 14:46:42', '2026-01-18',
        8, 'TAQUILLA', NULL, 120.00, 120.00, NULL, NULL, NULL, 'i11x97q18KxX7tIPSI9gsxNiZuscT4f7'),
       (135, 620, 'PASSENGER', 1, 'Rosario Limón', '8342749014', NULL, 'CANCELLED', '2026-01-18 15:29:00', '2026-01-18',
        9, 'TAQUILLA', NULL, 120.00, 120.00, NULL, NULL, NULL, 'y7YDefO6J0KZO-di9mDtXScAprfkfEyv'),
       (136, 615, 'PASSENGER', 1, 'Arturo Contreras palomo', '8341895451', NULL, 'PAY_AT_BOARDING',
        '2026-01-18 16:01:05', '2026-01-18', 10, 'TAQUILLA', NULL, 120.00, 120.00, NULL, NULL, NULL,
        'elTSWUDXvxcV0RvKrYH6afGFy-Y5-ZhA'),
       (137, 621, 'PASSENGER', 1, 'Sarahí longoria', '8341449954', NULL, 'PAY_AT_BOARDING', '2026-01-18 19:57:22',
        '2026-01-18', 11, 'TAQUILLA', NULL, 120.00, 120.00, NULL, NULL, NULL, 'EIt-_Z7KmdMufh4cRjLvdH5Cjsgmeq6S'),
       (138, 622, 'PASSENGER', 1, 'Marisela Castañeda', '8342092952', NULL, 'PAID', '2026-01-18 23:07:36', '2026-01-19',
        3, 'TAQUILLA', NULL, 120.00, 120.00, '2026-01-19 19:05:57', NULL, NULL, 'JO88ZiuCUOaOSvGZsskNreofDbpPk8MB'),
       (139, 623, 'PASSENGER', 2, 'PEDRO', '8341395841', NULL, 'CANCELLED', '2026-01-19 01:48:23', '2026-01-19', 4,
        'TAQUILLA', NULL, 120.00, 240.00, NULL, NULL, NULL, '3NxX37VkSuBk7HM5j-ycAgXuN3CkbeUm'),
       (140, 622, 'PASSENGER', 1, 'Yaretzy Vargas', '8341384479', NULL, 'PAID', '2026-01-19 03:24:57', '2026-01-19', 5,
        'TAQUILLA', NULL, 120.00, 120.00, '2026-01-19 19:06:00', NULL, NULL, '7JuAeTMv0gpGIY83rjydhrcqe9y6w_gU'),
       (141, 607, 'PASSENGER', 1, 'Odalis', '8341448810', NULL, 'PAID', '2026-01-19 14:51:16', '2026-01-19', 6,
        'TAQUILLA', NULL, 120.00, 120.00, '2026-01-19 19:06:11', NULL, NULL, 'NrAV3zlmKVkWYYPaFntY2voifa91p4a5'),
       (142, 624, 'PASSENGER', 2, 'Guadalupe Puga', '5528152690', NULL, 'PAID', '2026-01-19 15:05:01', '2026-01-20', 1,
        'TAQUILLA', NULL, 120.00, 240.00, '2026-01-20 16:58:39', NULL, NULL, 'pasuBH5VdhBuKgN-2VmSTQYK-14LuXnq'),
       (143, 625, 'PASSENGER', 1, 'Telesfora', '8342540580', NULL, 'PAID', '2026-01-19 16:32:32', '2026-01-19', 7,
        'TAQUILLA', NULL, 120.00, 120.00, '2026-01-19 19:05:44', NULL, NULL, 'KdJU3WZllVKYw1WK2e3QDjeE39u9H46N'),
       (144, 625, 'PASSENGER', 1, 'Magaly acuña', '8342742985', NULL, 'PAID', '2026-01-19 17:19:22', '2026-01-19', 8,
        'TAQUILLA', NULL, 120.00, 120.00, '2026-01-19 19:05:47', NULL, NULL, 'SK-US9nbtJAZI0EhyigsBksNJ5kfjL05'),
       (145, 623, 'PASSENGER', 2, 'Pedro', '8341395841', NULL, 'PAY_AT_BOARDING', '2026-01-19 19:33:56', '2026-01-19',
        9, 'TAQUILLA', NULL, 120.00, 240.00, NULL, NULL, NULL, '-KogTM46pQIwWSCDHYtNhGsNaBeGOqJK'),
       (146, 623, 'PASSENGER', 1, 'David', '8311619538', NULL, 'PAY_AT_BOARDING', '2026-01-19 21:49:33', '2026-01-19',
        10, 'TAQUILLA', NULL, 120.00, 120.00, NULL, NULL, NULL, 'FDQ9MbCuoYXxsZIWtQoE7yV7PQUqmHDU'),
       (147, 624, 'PASSENGER', 2, 'Guadalupe puga', '5528152690', NULL, 'PAID', '2026-01-19 23:08:52', '2026-01-20', 2,
        'TAQUILLA', NULL, 120.00, 240.00, '2026-01-20 16:58:41', NULL, NULL, 'bmKPofK1aG_0tj1tLacMmnYGoQ7aLeKp'),
       (148, 626, 'PASSENGER', 1, 'María del Carmen', '8312415893', NULL, 'PAID', '2026-01-20 00:37:28', '2026-01-20',
        3, 'TAQUILLA', NULL, 120.00, 120.00, '2026-01-20 16:57:31', NULL, NULL, 'q2op8Hqah5A1HdcGCbafThSqOjsEfMBP'),
       (149, 626, 'PASSENGER', 1, 'Rolando Santiago', '8683012259', NULL, 'PAID', '2026-01-20 06:00:12', '2026-01-20',
        4, 'TAQUILLA', NULL, 120.00, 120.00, '2026-01-20 16:57:37', NULL, NULL, 'P2iVvKAXwgNa7IztIugyMXHzwjCME5rM'),
       (150, 638, 'PACKAGE', 0, 'Thayli', '8124304480', 'Medicamento', 'PAID', '2026-01-20 18:50:04', '2026-01-20', 5,
        'TAQUILLA', NULL, 120.00, 120.00, '2026-01-20 19:47:09', NULL, NULL, 'FSDUDsGZjo9NIFbayh_vUAH6VCmVyUyJ'),
       (151, 639, 'PASSENGER', 1, 'Antonia Zurita', '8114653120', NULL, 'PAID', '2026-01-20 21:50:23', '2026-01-20', 6,
        'TAQUILLA', NULL, 120.00, 120.00, '2026-01-21 00:19:01', NULL, NULL, '_EUOriA4E5r4d2Tox-i8RZ0rKs9GGM7g'),
       (152, 640, 'PASSENGER', 1, 'Miguel Hernández', '8343015727', NULL, 'PAY_AT_BOARDING', '2026-01-20 22:11:19',
        '2026-01-21', 1, 'TAQUILLA', NULL, 120.00, 120.00, NULL, NULL, NULL, 'sPg8yhV4jLI-8lclTubNZnfXo1ZcjbYO'),
       (153, 641, 'PASSENGER', 1, 'RENATA', '8341164325', NULL, 'PAID', '2026-01-21 01:45:05', '2026-01-21', 2,
        'TAQUILLA', NULL, 120.00, 120.00, '2026-01-21 01:48:22', NULL, NULL, 'DieYnogojVMmRDoUdIQRrIVsYAiHt_Gc'),
       (154, 652, 'PASSENGER', 1, 'David Avalos Moreno', '8121756041', NULL, 'PAY_AT_BOARDING', '2026-01-21 14:01:15',
        '2026-01-21', 3, 'TAQUILLA', NULL, 120.00, 120.00, NULL, NULL, NULL, '7wubNOv8TRmOUdBXDFXTMSc5PlIC-R8t'),
       (155, 652, 'PASSENGER', 1, 'David Ávalos', '8135963341', NULL, 'CANCELLED', '2026-01-21 15:44:01', '2026-01-21',
        4, 'TAQUILLA', NULL, 120.00, 120.00, NULL, NULL, NULL, 'fkogVmekq1326DPwjpeEkOVLDnibs85t'),
       (156, 653, 'PASSENGER', 1, 'Vane Landa', '8683107354', NULL, 'CANCELLED', '2026-01-21 16:50:40', '2026-01-21', 5,
        'TAQUILLA', NULL, 120.00, 120.00, NULL, NULL, NULL, 'rFixWJobAt3eOc2cAdOlMJeUA9KGpWjQ'),
       (157, 662, 'PASSENGER', 1, 'Aaron Castro', '8311143198', NULL, 'PAY_AT_BOARDING', '2026-01-21 21:10:56',
        '2026-01-22', 1, 'TAQUILLA', NULL, 120.00, 120.00, NULL, NULL, NULL, 'SJHlmwKjH9l3l7atF7HpAkjjMTEwnLzY'),
       (158, 641, 'PASSENGER', 1, 'Aron castro', '8311143198', NULL, 'CANCELLED', '2026-01-21 21:34:37', '2026-01-21',
        6, 'TAQUILLA', NULL, 120.00, 120.00, NULL, NULL, NULL, 'kbU2uUiGoZ0o9fug_OAqSXplUVDoLIMh'),
       (159, 663, 'PASSENGER', 1, 'Shantal', '8341026107', NULL, 'PAID', '2026-01-21 21:43:40', '2026-01-22', 2,
        'TAQUILLA', NULL, 120.00, 120.00, '2026-01-22 13:34:12', NULL, NULL, 'KuW64ObcAdF-Zqj_0PB-PEBr-1UaWX-u'),
       (160, 664, 'PASSENGER', 1, 'Ingrid Balderas', '8342533527', NULL, 'PAID', '2026-01-22 01:22:03', '2026-01-22', 3,
        'TAQUILLA', NULL, 120.00, 120.00, '2026-01-22 17:09:17', NULL, NULL, '-pHyOaQan1maer1n84sohvwzMMfKQkbU'),
       (161, 663, 'PASSENGER', 1, 'CECILIA LIMON', '8311835072', NULL, 'PAID', '2026-01-22 04:37:29', '2026-01-22', 4,
        'TAQUILLA', NULL, 120.00, 120.00, '2026-01-22 04:38:58', NULL, NULL, 'e2aMUYFsbbS-x_F2yIJW7ilatRkNrniw'),
       (162, 663, 'PASSENGER', 1, 'Angel vega', '8342674476', NULL, 'PAID', '2026-01-22 11:49:22', '2026-01-22', 5,
        'TAQUILLA', NULL, 120.00, 120.00, '2026-01-22 13:34:06', NULL, NULL, 'TbxzNaYh_TA8XlTIjtkaZRm6EIOJ8lTv'),
       (163, 662, 'PASSENGER', 2, 'Yuseli  Velazquez', '8135963341', NULL, 'PAY_AT_BOARDING', '2026-01-22 15:54:50',
        '2026-01-22', 6, 'TAQUILLA', NULL, 120.00, 240.00, NULL, NULL, NULL, 'OghND5o3sSpVrjX5zAAlRVYJDKG85wnW'),
       (164, 664, 'PASSENGER', 1, 'Lorena cumpean', '8341508695', NULL, 'PAID', '2026-01-22 16:14:14', '2026-01-22', 7,
        'TAQUILLA', NULL, 120.00, 120.00, '2026-01-22 17:09:20', NULL, NULL, '_e5M4IgnV6LMdT6HG44cB3WtY3YH5soX'),
       (165, 665, 'PASSENGER', 1, 'Mayrin', '8342703012', NULL, 'PAY_AT_BOARDING', '2026-01-22 23:10:40', '2026-01-23',
        1, 'TAQUILLA', NULL, 120.00, 120.00, NULL, NULL, NULL, 'fSpDhr-8WSFBeMm5GxsJK5AjJZ3aXH5T'),
       (166, 666, 'PASSENGER', 1, 'Edgar', '8342540850', NULL, 'PAID', '2026-01-22 23:31:16', '2026-01-23', 2,
        'TAQUILLA', NULL, 120.00, 120.00, '2026-01-23 13:24:11', NULL, NULL, 'CSBc9oPQLcOC0O1hnPX15k9U6Vck5elw'),
       (167, 667, 'PASSENGER', 2, 'Nahomi', '8129224040', NULL, 'PAY_AT_BOARDING', '2026-01-22 23:58:02', '2026-01-25',
        1, 'TAQUILLA', NULL, 120.00, 240.00, NULL, NULL, NULL, 'tMUq48y5Rkl_gcl3Axz-mAr918JQl-Hm'),
       (168, 668, 'PASSENGER', 2, 'Edith Rico', '8342571554', NULL, 'PAID', '2026-01-23 00:54:18', '2026-01-23', 3,
        'TAQUILLA', NULL, 120.00, 240.00, '2026-01-23 15:32:34', NULL, NULL, 'bBWL2w5wNztyMlIljLyfVEcYyGyz0EuY'),
       (169, 668, 'PASSENGER', 1, 'Chantal Martinez', '8341026107', NULL, 'CANCELLED', '2026-01-23 03:33:20',
        '2026-01-23', 4, 'TAQUILLA', NULL, 120.00, 120.00, NULL, NULL, NULL, 'U3pfPz5I1CGmGcVA2FhbRurE1GaX0Q4S'),
       (170, 669, 'PASSENGER', 1, 'Chantal Mtz', '8341026107', NULL, 'CANCELLED', '2026-01-23 03:36:13', '2026-01-23',
        5, 'TAQUILLA', NULL, 120.00, 120.00, NULL, NULL, NULL, 'SaC0hvEZiP1MXn66EC62UaQAT8yn6Ldu'),
       (171, 666, 'PASSENGER', 2, 'Idalia Martínez', '8321078325', NULL, 'PAID', '2026-01-23 03:49:49', '2026-01-23', 6,
        'TAQUILLA', NULL, 120.00, 240.00, '2026-01-23 13:24:14', NULL, NULL, 'cEb2OELFBmbdYbksP4iWPP-WZIkD2NXU'),
       (172, 670, 'PASSENGER', 1, 'Aida Hernández', '8342659537', NULL, 'PAY_AT_BOARDING', '2026-01-23 03:50:33',
        '2026-01-23', 7, 'TAQUILLA', NULL, 120.00, 120.00, NULL, NULL, NULL, 'Lc6skHPc7RoMtiU8Gf2ETrT5Nwtmy450'),
       (173, 666, 'PASSENGER', 1, 'FRANSCISCO GABRIEL', '8341460295', NULL, 'PAID', '2026-01-23 11:56:50', '2026-01-23',
        8, 'TAQUILLA', NULL, 120.00, 120.00, '2026-01-23 13:24:17', NULL, NULL, 'rhDQ_8CmhGMRC4vhrTjp91qB6UqsotnY'),
       (174, 671, 'PASSENGER', 2, 'Armando', '8312413122', NULL, 'PAID', '2026-01-23 15:36:51', '2026-01-23', 9,
        'TAQUILLA', NULL, 120.00, 240.00, '2026-01-23 20:02:33', NULL, NULL, '6nd5rULaiZHZlL8r6Sr6MLutxlOig8jW'),
       (175, 669, 'PASSENGER', 1, 'Angeles juarez', '8110092139', NULL, 'PAY_AT_BOARDING', '2026-01-23 15:44:40',
        '2026-01-23', 10, 'TAQUILLA', NULL, 120.00, 120.00, NULL, NULL, NULL, 'ELboO-wk05nwZ3ihVmZUe3B3YrRmiUXA'),
       (176, 672, 'PASSENGER', 3, 'Willian Lara', '8342533713', NULL, 'PAY_AT_BOARDING', '2026-01-23 16:12:45',
        '2026-01-23', 11, 'TAQUILLA', NULL, 120.00, 360.00, NULL, NULL, NULL, 'yVomhWUk66B9BGp4ZeuHoCquXAAsPJxT'),
       (177, 672, 'PASSENGER', 2, 'Alexa Aguilera', '8342538859', NULL, 'PAY_AT_BOARDING', '2026-01-23 17:06:01',
        '2026-01-23', 12, 'TAQUILLA', NULL, 120.00, 240.00, NULL, NULL, NULL, '2I5gUkvPvtLo_w9-6DUaVmCEWyoQ81R5'),
       (178, 669, 'PASSENGER', 1, 'Poko', '8344756376', NULL, 'PAY_AT_BOARDING', '2026-01-23 18:40:03', '2026-01-23',
        13, 'TAQUILLA', NULL, 120.00, 120.00, NULL, NULL, NULL, 'IH36UlLfl-m-X2_zwt_Hsn5g77oT6r3k'),
       (179, 669, 'PASSENGER', 1, 'Agustin', '8342126441', NULL, 'PAY_AT_BOARDING', '2026-01-23 20:17:20', '2026-01-23',
        14, 'TAQUILLA', NULL, 120.00, 120.00, NULL, NULL, NULL, '0Gs72zmbehnRtA1JaUFRmhJtv0poqTRJ'),
       (180, 673, 'PASSENGER', 1, 'Neidy Cabrera', '8341386146', NULL, 'PAY_AT_BOARDING', '2026-01-23 23:02:32',
        '2026-01-24', 1, 'TAQUILLA', NULL, 120.00, 120.00, NULL, NULL, NULL, 'iv7d6Opeljv2Bv-SuEAukUKbVknyzNw2'),
       (181, 674, 'PASSENGER', 1, 'Anabel soto', '8341506008', NULL, 'PAY_AT_BOARDING', '2026-01-24 01:59:26',
        '2026-01-24', 2, 'TAQUILLA', NULL, 120.00, 120.00, NULL, NULL, NULL, 'i16acIfcuAVJWvawkDrih24RLoc4CJ-j'),
       (182, 674, 'PASSENGER', 1, 'ANGELICA VARGAS', '8341414784', NULL, 'PAY_AT_BOARDING', '2026-01-24 02:26:56',
        '2026-01-24', 3, 'TAQUILLA', NULL, 120.00, 120.00, NULL, NULL, NULL, 'LVz8blYA2R9vkBfLYBdWSsZGN7_Nnt-j'),
       (183, 675, 'PASSENGER', 1, 'Waldo', '8344272629', NULL, 'PAY_AT_BOARDING', '2026-01-24 02:37:09', '2026-01-24',
        4, 'TAQUILLA', NULL, 120.00, 120.00, NULL, NULL, NULL, 'Cu_f608dSuYS26nq-uFhKoC0q_3SMyBn'),
       (184, 676, 'PASSENGER', 1, 'Fatima Sepulveda', '8344276140', NULL, 'PAID', '2026-01-24 04:13:19', '2026-01-24',
        5, 'TRANSFERENCIA', NULL, 120.00, 120.00, '2026-01-24 16:58:15', NULL, NULL,
        'NT3nDGPOcTCI8jPSQPJF64mojHYtQO6M'),
       (185, 676, 'PASSENGER', 1, 'PERLA', '8341500796', NULL, 'PAID', '2026-01-24 04:34:50', '2026-01-24', 6,
        'TAQUILLA', NULL, 120.00, 120.00, '2026-01-24 04:35:53', NULL, NULL, 'Shc2h7r0asCZkjr-EdaqRP_hI4Ejea08'),
       (186, 677, 'PASSENGER', 1, 'David Hernández', '8343524011', NULL, 'PAY_AT_BOARDING', '2026-01-24 13:03:43',
        '2026-01-24', 7, 'TAQUILLA', NULL, 120.00, 120.00, NULL, NULL, NULL, '5izHreosQBnLvYuQ5oCCBBEobZNzMHgO'),
       (187, 677, 'PASSENGER', 1, 'Marisela Castañeda', '8342092952', NULL, 'CANCELLED', '2026-01-24 15:45:49',
        '2026-01-24', 8, 'TAQUILLA', NULL, 120.00, 120.00, NULL, NULL, NULL, '5GFUe7egGj6bSHxIQYEkyKakoHLM-rYZ'),
       (188, 677, 'PASSENGER', 1, 'Aida Hernández', '8342659537', NULL, 'PAY_AT_BOARDING', '2026-01-24 16:08:32',
        '2026-01-24', 9, 'TAQUILLA', NULL, 120.00, 120.00, NULL, NULL, NULL, 'DrCmtUq_Yxi75Xy7s2_IB5aUIWPd9W-d'),
       (189, 678, 'PASSENGER', 1, 'Lorena cumpean', '8135963341', NULL, 'PAY_AT_BOARDING', '2026-01-24 16:36:40',
        '2026-01-24', 10, 'TAQUILLA', NULL, 120.00, 120.00, NULL, NULL, NULL, 'qN4GXV_gw2YupnpN3XGbYDNNvPs4QjWz'),
       (190, 678, 'PASSENGER', 1, 'Lorena cumpean', '8135963341', NULL, 'CANCELLED', '2026-01-24 16:36:52',
        '2026-01-24', 11, 'TAQUILLA', NULL, 120.00, 120.00, NULL, NULL, NULL, 'qdsTfoYwgSPdnJAN8bkbAqtJfzyiqYhN'),
       (191, 673, 'PASSENGER', 1, 'jose ulises soto', '9981602416', NULL, 'PAY_AT_BOARDING', '2026-01-24 17:04:33',
        '2026-01-24', 12, 'TAQUILLA', NULL, 120.00, 120.00, NULL, NULL, NULL, 'GiBulDa1hjSDcsY-BZkqzScbNcXaOYEr'),
       (192, 679, 'PASSENGER', 1, 'Ángel Gallardo', '8344795268', NULL, 'PAID', '2026-01-24 17:07:50', '2026-01-25', 2,
        'TAQUILLA', NULL, 120.00, 120.00, '2026-01-25 22:19:44', NULL, NULL, 'JGtyv8cPBMvFJCK4XiDGfjTx8WL9Q6B8'),
       (193, 667, 'PASSENGER', 1, 'Ángel Gallardo', '8344795268', NULL, 'CANCELLED', '2026-01-24 17:08:56',
        '2026-01-25', 3, 'TAQUILLA', NULL, 120.00, 120.00, NULL, NULL, NULL, 'pyp8FbW6--4ovsZZ803p4HCKzEDPCpla'),
       (194, 680, 'PASSENGER', 1, 'Daniela perez', '8341178538', NULL, 'PAY_AT_BOARDING', '2026-01-24 18:11:48',
        '2026-01-24', 13, 'TAQUILLA', NULL, 120.00, 120.00, NULL, NULL, NULL, 'PUdBPir5HlnVP9deAv30C6AfZZSbijgM'),
       (195, 677, 'PASSENGER', 2, 'Estrella Rivera', '8342122389', NULL, 'PAY_AT_BOARDING', '2026-01-24 20:14:45',
        '2026-01-24', 14, 'TAQUILLA', NULL, 120.00, 240.00, NULL, NULL, NULL, 'mKvD0FhB2HZKitPFfHxhfnCu48n6s7WL'),
       (196, 677, 'PASSENGER', 1, 'Lorena cumpean', '8341508695', NULL, 'PAY_AT_BOARDING', '2026-01-24 20:16:45',
        '2026-01-24', 15, 'TAQUILLA', NULL, 120.00, 120.00, NULL, NULL, NULL, 'jum87yhrat4--js4oN1CuVnAHoux2wEW'),
       (197, 681, 'PASSENGER', 2, 'Nahomi', '8129224040', NULL, 'CANCELLED', '2026-01-24 21:14:14', '2026-01-25', 4,
        'TAQUILLA', NULL, 120.00, 240.00, NULL, NULL, NULL, 'jBIxVffddUZTqx9FRvPghLaexI540EXD'),
       (198, 677, 'PACKAGE', 0, 'Vladimir franco', '8135963341', 'Medicamento', 'PAY_AT_BOARDING',
        '2026-01-24 21:52:28', '2026-01-24', 16, 'TAQUILLA', NULL, 120.00, 120.00, NULL, NULL, NULL,
        'jGNN10LO9Cs14f8yiuVdPmpYlXxEuUMS'),
       (199, 682, 'PASSENGER', 1, 'Minerva Ruiz', '8341770961', NULL, 'CANCELLED', '2026-01-24 22:41:51', '2026-01-24',
        17, 'TAQUILLA', NULL, 120.00, 120.00, NULL, NULL, NULL, 'AmlwRP43hNvdmzmZ31040XOqM_vrzTEd'),
       (200, 683, 'PASSENGER', 1, 'Minerva Ruiz', '8341770961', NULL, 'PAY_AT_BOARDING', '2026-01-24 22:58:43',
        '2026-01-25', 5, 'TAQUILLA', NULL, 120.00, 120.00, NULL, NULL, NULL, 'yiSXHPFY-kXKFqcs1p0h5t5IJtxHBIq7'),
       (201, 681, 'PASSENGER', 1, 'Aaron Castro', '8311143198', NULL, 'CANCELLED', '2026-01-24 23:10:38', '2026-01-25',
        6, 'TAQUILLA', NULL, 120.00, 120.00, NULL, NULL, NULL, 'ZqtbLHmYh4wHoLQrabx5DBWXCulxI1rz'),
       (202, 684, 'PASSENGER', 1, 'ABRIL ACUÑA', '8342675575', NULL, 'PAY_AT_BOARDING', '2026-01-25 02:34:50',
        '2026-01-26', 1, 'TAQUILLA', NULL, 120.00, 120.00, NULL, NULL, NULL, 'XrC44azZSbLM6_rjM_TM0uImdvnYEvMl'),
       (203, 685, 'PASSENGER', 1, 'Anabel soto', '8341506008', NULL, 'PAY_AT_BOARDING', '2026-01-25 04:05:35',
        '2026-01-25', 7, 'TAQUILLA', NULL, 120.00, 120.00, NULL, NULL, NULL, 'JZtA68kY4CjobT5-l8oL_9rzuX__A8WU'),
       (204, 686, 'PASSENGER', 1, 'Erick', '8345851982', NULL, 'PAY_AT_BOARDING', '2026-01-25 04:45:28', '2026-01-25',
        8, 'TAQUILLA', NULL, 120.00, 120.00, NULL, NULL, NULL, 'ptOSF01LVxfIQS42ARBxK0Mgv0PMadVQ'),
       (205, 687, 'PASSENGER', 1, 'Ángel Gallardo', '8344795268', NULL, 'PAY_AT_BOARDING', '2026-01-25 13:31:41',
        '2026-01-25', 9, 'TAQUILLA', NULL, 120.00, 120.00, NULL, NULL, NULL, 'Vz64JmofJb05qBPRc1ayFWc0no1qw01o'),
       (206, 688, 'PASSENGER', 1, 'KATIA AVALOS', '8331760068', NULL, 'PAY_AT_BOARDING', '2026-01-25 14:42:07',
        '2026-01-25', 10, 'TAQUILLA', NULL, 120.00, 120.00, NULL, NULL, NULL, 'O3BfVwTjl9Cr33stOeboJg4W4JFrCCuP'),
       (207, 688, 'PASSENGER', 1, 'Ascención Quintanilla', '8341679450', NULL, 'PAY_AT_BOARDING', '2026-01-25 15:54:15',
        '2026-01-25', 11, 'TAQUILLA', NULL, 120.00, 120.00, NULL, NULL, NULL, 'T2zEciKgyK5jwGNuiZvM9mWl3y142-mq'),
       (208, 681, 'PASSENGER', 1, 'Odalys Vargas', '8341448810', NULL, 'PAY_AT_BOARDING', '2026-01-25 16:05:44',
        '2026-01-25', 12, 'TAQUILLA', NULL, 120.00, 120.00, NULL, NULL, NULL, 'Pi0V1uBdPOIwaRcPBItdaPI3On1kbSJo'),
       (209, 689, 'PASSENGER', 1, 'Mariela Hernández', '8341432495', NULL, 'CANCELLED', '2026-01-25 16:08:24',
        '2026-01-26', 2, 'TAQUILLA', NULL, 120.00, 120.00, NULL, NULL, NULL, '6c0VFVhrVRDAySnv6bFglVWlGbmCj_zg'),
       (210, 681, 'PASSENGER', 2, 'Estefania Llanos Cisneros', '8119743075', NULL, 'CANCELLED', '2026-01-25 16:44:09',
        '2026-01-25', 13, 'TAQUILLA', NULL, 120.00, 240.00, NULL, NULL, NULL, 'ZlI6_iNcwTU5e8WJcss8S_Cx55-QeMVj'),
       (211, 690, 'PASSENGER', 1, 'Alfredo musceda', '8342994628', NULL, 'PAY_AT_BOARDING', '2026-01-25 16:44:15',
        '2026-01-26', 3, 'TAQUILLA', NULL, 120.00, 120.00, NULL, NULL, NULL, '1IV9nZkryGODHGgXHmymYA5WZFWm7ZPs'),
       (212, 681, 'PASSENGER', 1, 'Arturo Contreras', '8341895451', NULL, 'PAY_AT_BOARDING', '2026-01-25 17:29:14',
        '2026-01-25', 14, 'TAQUILLA', NULL, 120.00, 120.00, NULL, NULL, NULL, 'aLLan9C23sXoFnqYr78LZSRCV5B-jXtw'),
       (213, 688, 'PASSENGER', 2, 'Estefania Llanos Cisneros', '8119743075', NULL, 'PAY_AT_BOARDING',
        '2026-01-25 17:41:29', '2026-01-25', 15, 'TAQUILLA', NULL, 120.00, 240.00, NULL, NULL, NULL,
        'DgIBk6L5RXYATv4B8Wm660nrVvkMV4KZ'),
       (214, 681, 'PASSENGER', 1, 'DENISSE', '8344758475', NULL, 'PAY_AT_BOARDING', '2026-01-25 17:57:50', '2026-01-25',
        16, 'TAQUILLA', NULL, 120.00, 120.00, NULL, NULL, NULL, 'vDUxsEWq9kd3X1PEdahq3n8I1Npppg_u'),
       (215, 681, 'PASSENGER', 1, 'Aaron Castro', '8311143198', NULL, 'PAY_AT_BOARDING', '2026-01-25 18:58:39',
        '2026-01-25', 17, 'TAQUILLA', NULL, 120.00, 120.00, NULL, NULL, NULL, 'CQhdoAyuJ4gApR5l_wNVYkMXbij0PrB-'),
       (216, 690, 'PASSENGER', 1, 'Aida Hernández', '8342659537', NULL, 'PAY_AT_BOARDING', '2026-01-25 21:10:30',
        '2026-01-26', 4, 'TAQUILLA', NULL, 120.00, 120.00, NULL, NULL, NULL, '5yzdSsZd6QUisLEScUmrx4j4s8uZDMVc'),
       (217, 679, 'PASSENGER', 3, 'LORENA CUMPEAN', '8341508695', NULL, 'PAY_AT_BOARDING', '2026-01-25 21:18:51',
        '2026-01-25', 18, 'TAQUILLA', NULL, 120.00, 360.00, NULL, NULL, NULL, 'IQhTbsspPywUuFnGK3t3iEbg4lQvzQlU'),
       (218, 679, 'PASSENGER', 1, 'YESENIA SANTOS', '8321069241', NULL, 'PAY_AT_BOARDING', '2026-01-25 21:27:51',
        '2026-01-25', 19, 'TAQUILLA', NULL, 120.00, 120.00, NULL, NULL, NULL, '1N7PRyJZvOCKoGqS8eWa1iYH1p3lhN9t'),
       (219, 690, 'PASSENGER', 1, 'Viviana aguilar', '8110364358', NULL, 'PENDING_PAYMENT', '2026-01-26 02:55:30',
        '2026-01-26', 5, 'TRANSFERENCIA', NULL, 120.00, 120.00, NULL, NULL, NULL, 'e2GrmQw7jYekwnzKxLP3IcAjEwGZKmnP'),
       (220, 689, 'PASSENGER', 1, 'Mariela Hernández', '8135963341', NULL, 'PAY_AT_BOARDING', '2026-01-26 15:37:53',
        '2026-01-26', 6, 'TAQUILLA', NULL, 120.00, 120.00, NULL, NULL, NULL, 'TwH1cfEUJY8mRor-vo5fiqXvrjxmGiEF'),
       (221, 721, 'PASSENGER', 2, 'Roberto rico', '8342572806', NULL, 'PAY_AT_BOARDING', '2026-01-26 15:38:57',
        '2026-01-26', 7, 'TAQUILLA', NULL, 120.00, 240.00, NULL, NULL, NULL, 'Q4YfhVTiyXABQAV4A81r0XlNbl3-oOGF'),
       (222, 722, 'PASSENGER', 1, 'Nery Sierra Medellin', '8343082604', NULL, 'PAY_AT_BOARDING', '2026-01-26 15:39:36',
        '2026-01-26', 8, 'TAQUILLA', NULL, 120.00, 120.00, NULL, NULL, NULL, '1-nvFgt2kbyDBdePFWhHH4R9XPx-sWYk'),
       (223, 689, 'PASSENGER', 1, 'Juana maria', '8341312570', NULL, 'PAY_AT_BOARDING', '2026-01-26 15:42:35',
        '2026-01-26', 9, 'TAQUILLA', NULL, 120.00, 120.00, NULL, NULL, NULL, 'SZq-ua-dIsYH9atRcgShvWaNBAvUubWY'),
       (224, 723, 'PASSENGER', 2, 'Rocio saavedra', '8999275975', NULL, 'CANCELLED', '2026-01-26 16:57:57',
        '2026-01-31', 1, 'TAQUILLA', NULL, 120.00, 240.00, NULL, NULL, NULL, 'bJ1-Oq_ztFJKIfowQdYVdNQWAqtSyfp1'),
       (225, 724, 'PASSENGER', 1, 'Juana maria', '8135963341', NULL, 'PAID', '2026-01-26 16:58:11', '2026-01-26', 10,
        'TAQUILLA', NULL, 120.00, 120.00, '2026-01-27 02:43:52', NULL, NULL, 'A1-ujutUoumKjB6XHi6WnR9M_sMro9j9'),
       (226, 725, 'PASSENGER', 2, 'Milagros Hernández', '8341556511', NULL, 'PAY_AT_BOARDING', '2026-01-26 17:12:36',
        '2026-01-26', 11, 'TAQUILLA', NULL, 120.00, 240.00, NULL, NULL, NULL, 'cp1M3pGlZ7nlzVcCdhzP8OyAUnSIsisz'),
       (227, 724, 'PACKAGE', 0, 'Oscar Hernández', '8341458851', 'Pollos', 'PAID', '2026-01-26 21:08:01', '2026-01-26',
        12, 'TAQUILLA', NULL, 120.00, 120.00, '2026-01-27 02:43:56', NULL, NULL, 'sZpH4WNn6cJx81vBX62ctKuMTrBQvBaY'),
       (228, 726, 'PASSENGER', 1, 'Jesús Peña', '8135963341', NULL, 'PAID', '2026-01-26 22:22:46', '2026-01-26', 13,
        'TAQUILLA', NULL, 120.00, 120.00, '2026-01-27 02:44:06', NULL, NULL, 'oNPwx0hC5orTJtSstXee1Wqy82eShuht'),
       (229, 727, 'PASSENGER', 1, 'Juana maria', '8135963341', NULL, 'PAY_AT_BOARDING', '2026-01-26 23:01:34',
        '2026-01-28', 1, 'TAQUILLA', NULL, 120.00, 120.00, NULL, NULL, NULL, 'WWxR1sBUKK3DI9ptt4hDRXKMVM8I_tbE'),
       (230, 698, 'PASSENGER', 1, 'Chantal Martínez', '8341026107', NULL, 'PAID', '2026-01-27 01:20:02', '2026-01-27',
        1, 'TAQUILLA', NULL, 120.00, 120.00, '2026-01-27 21:32:56', NULL, NULL, 'G_-JRmTmqMZ825W3Dqqki3xk62pUkNEq'),
       (231, 698, 'PASSENGER', 1, 'ISIDRO CAMACHO', '8341697639', NULL, 'PAID', '2026-01-27 01:39:28', '2026-01-27', 2,
        'TAQUILLA', NULL, 120.00, 120.00, '2026-01-27 21:32:53', NULL, NULL, 'PfqQ03CdZoE6qYm8OXfCN1qslo2QVVoP'),
       (232, 695, 'PASSENGER', 1, 'Jeremias Tellez', '7641203583', NULL, 'PAID', '2026-01-27 02:58:13', '2026-01-27', 3,
        'TRANSFERENCIA', NULL, 120.00, 120.00, '2026-01-27 03:08:53', NULL, NULL, 'cDyq2Dg7SCaYh2QqDwBlghSQtY9c2T6v'),
       (233, 736, 'PASSENGER', 1, 'Amado Vázquez Soto', '8343004552', NULL, 'PAID', '2026-01-27 03:53:32', '2026-01-29',
        1, 'TAQUILLA', NULL, 120.00, 120.00, '2026-01-28 21:09:34', NULL, NULL, 'IZvhBAGkwPVF65Dwff-ofM_C_73oP8sq'),
       (234, 737, 'PASSENGER', 1, 'Amado Vázquez Soto', '8343004552', NULL, 'PAID', '2026-01-27 03:55:33', '2026-01-29',
        2, 'TAQUILLA', NULL, 120.00, 120.00, '2026-01-30 01:42:06', NULL, NULL, 'W81t975RfXoitA8EQKv673AMQcw95f1B'),
       (235, 697, 'PASSENGER', 1, 'Angel vega', '8342674476', NULL, 'PAID', '2026-01-27 13:46:56', '2026-01-27', 4,
        'TRANSFERENCIA', NULL, 120.00, 120.00, '2026-01-27 21:33:23', NULL, NULL, 'ZErWV2Cqpw3gC3SGLMhZ-k1A0-5xAtic'),
       (236, 700, 'PASSENGER', 2, 'Yuseli Velázquez', '8135963341', NULL, 'PAID', '2026-01-27 15:58:54', '2026-01-27',
        5, 'TAQUILLA', NULL, 120.00, 240.00, '2026-01-27 21:32:29', NULL, NULL, '11C2mN3-ab439dEhmEo_ruFMJIfMEDWd'),
       (237, 700, 'PASSENGER', 1, 'Victor Tello', '8311615706', NULL, 'PAID', '2026-01-27 15:59:53', '2026-01-27', 6,
        'TAQUILLA', NULL, 120.00, 120.00, '2026-01-27 21:32:27', NULL, NULL, 'pRqNMFmNN8mca6Fa0A2NTYebCsfSh4kG'),
       (238, 700, 'PASSENGER', 1, 'Yuseli Velázquez', '8135963341', NULL, 'CANCELLED', '2026-01-27 17:57:11',
        '2026-01-27', 7, 'TAQUILLA', NULL, 120.00, 120.00, NULL, NULL, NULL, '9bCwpLtdf0bpL7h5kUeKs4jGI1ptezAb'),
       (239, 738, 'PASSENGER', 1, 'LORENZO', '8342682029', NULL, 'PAY_AT_BOARDING', '2026-01-27 21:36:23', '2026-01-28',
        2, 'TAQUILLA', NULL, 120.00, 120.00, NULL, NULL, NULL, 'aZYIdKUJLPr5uU4YR-s0hz-A8_GqVWdb'),
       (240, 739, 'PASSENGER', 1, 'Chantal Mtz', '8341026107', NULL, 'CANCELLED', '2026-01-27 22:00:29', '2026-01-28',
        3, 'TAQUILLA', NULL, 120.00, 120.00, NULL, NULL, NULL, 'qIytnhl2rFSHUnDt3LBeBvgWOWGPTGRw'),
       (241, 754, 'PASSENGER', 1, 'Camila Leal', '8321056304', NULL, 'CANCELLED', '2026-01-27 22:16:39', '2026-01-29',
        3, 'TAQUILLA', NULL, 120.00, 120.00, NULL, NULL, NULL, '4XzoCMnkpY8lUKlzzkySOjEY_ZeHLhdg'),
       (242, 739, 'PASSENGER', 1, 'LUIS DE LEON', '8132793046', NULL, 'PAID', '2026-01-27 23:30:07', '2026-01-28', 4,
        'TAQUILLA', NULL, 120.00, 120.00, '2026-01-28 13:34:25', NULL, NULL, 'qhAve_fv1jhcvolGbdWMUHXu-onP76lA'),
       (243, 736, 'PASSENGER', 1, 'JOSEFINA', '8342675575', NULL, 'PAID', '2026-01-28 03:32:09', '2026-01-29', 4,
        'TAQUILLA', NULL, 120.00, 120.00, '2026-01-28 03:35:10', NULL, NULL, 'dbx17lx5VfNY9Mo4oLYjKxKETxk25IOa'),
       (244, 736, 'PASSENGER', 1, 'Chantal Mtz', '8341026107', NULL, 'PAID', '2026-01-28 09:30:46', '2026-01-29', 5,
        'TAQUILLA', NULL, 120.00, 120.00, '2026-01-30 01:39:52', NULL, NULL, 'LN_gK58XaZE8CODzR_yiiZCl8tIEX_2A'),
       (245, 727, 'PASSENGER', 1, 'Chantal Mtz', '8341026107', NULL, 'PAY_AT_BOARDING', '2026-01-28 12:14:10',
        '2026-01-28', 5, 'TAQUILLA', NULL, 120.00, 120.00, NULL, NULL, NULL, 'mFwGqPTL8jaSuOKkiUKiJKNqWawpSzyr'),
       (246, 727, 'PASSENGER', 1, 'Yeni Alfaro', '8348522537', NULL, 'PAY_AT_BOARDING', '2026-01-28 14:29:59',
        '2026-01-28', 6, 'TAQUILLA', NULL, 120.00, 120.00, NULL, NULL, NULL, 'pfpBRrwzaGslPIGeCqkQAPg5jGewaNUI'),
       (247, 749, 'PASSENGER', 2, 'Victoria Molina', '8341492511', NULL, 'PAY_AT_BOARDING', '2026-01-28 16:48:51',
        '2026-01-28', 7, 'TAQUILLA', NULL, 120.00, 240.00, NULL, NULL, NULL, 'vt_QWoKPplJBzkjoc2yTfn6qTpfXKozN'),
       (248, 749, 'PASSENGER', 1, 'Chantal Martinez', '8341026107', NULL, 'PAY_AT_BOARDING', '2026-01-28 16:52:00',
        '2026-01-28', 8, 'TAQUILLA', NULL, 120.00, 120.00, NULL, NULL, NULL, 'pEdy9pCZIjaOjQLzA2waoc6FzJ0xAtvz'),
       (249, 748, 'PASSENGER', 1, 'Telesfora', '8342540580', NULL, 'CANCELLED', '2026-01-28 17:35:50', '2026-01-28', 9,
        'TAQUILLA', NULL, 120.00, 120.00, NULL, NULL, NULL, 'y57FftSrmaqOmCJ2YfarKVyuxm7Eskhd'),
       (250, 750, 'PASSENGER', 1, 'Yoscelin', '8343071030', NULL, 'PAY_AT_BOARDING', '2026-01-28 17:46:23',
        '2026-01-28', 10, 'TAQUILLA', NULL, 120.00, 120.00, NULL, NULL, NULL, 'VG6BtvofhRRhZDyrJFamfuPfQIzHRXBc'),
       (251, 738, 'PASSENGER', 1, 'Caleb Pacheco', '8341452350', NULL, 'PAY_AT_BOARDING', '2026-01-28 17:52:45',
        '2026-01-28', 11, 'TAQUILLA', NULL, 120.00, 120.00, NULL, NULL, NULL, 'gvoPf3ntT_na-TQ29wnwR9QiQMGe1ZUt'),
       (252, 738, 'PASSENGER', 1, 'Telesfora', '8342540580', NULL, 'PAY_AT_BOARDING', '2026-01-28 18:56:48',
        '2026-01-28', 12, 'TAQUILLA', NULL, 120.00, 120.00, NULL, NULL, NULL, 'S8LUxxLUNkZm1mlEMBEt1k2b20WLx53g'),
       (253, 754, 'PASSENGER', 1, 'Akemi', '8341151800', NULL, 'PAID', '2026-01-28 21:47:15', '2026-01-29', 6,
        'TAQUILLA', NULL, 120.00, 120.00, '2026-01-30 01:42:55', NULL, NULL, 'MaNUkrQQy0fIjjcPSDm40K_D_4BFcZct'),
       (254, 759, 'PASSENGER', 1, 'Akemi', '8341151800', NULL, 'PAID', '2026-01-28 21:55:37', '2026-01-30', 1,
        'TAQUILLA', NULL, 120.00, 120.00, '2026-01-30 14:28:15', NULL, NULL, 'sGL4IoEI8n_z80M3RFRxgHyTlvzG60bf'),
       (255, 760, 'PASSENGER', 1, 'Bélgica Vargas', '8312542847', NULL, 'PAID', '2026-01-28 23:56:35', '2026-01-29', 7,
        'TAQUILLA', NULL, 120.00, 120.00, '2026-01-30 01:40:10', NULL, NULL, '2yhT_cwicziERTkLilbZ0WD447iZUUyD'),
       (256, 761, 'PASSENGER', 1, 'Aaron Castro', '8311143198', NULL, 'CANCELLED', '2026-01-29 07:21:59', '2026-01-29',
        8, 'TAQUILLA', NULL, 120.00, 120.00, NULL, NULL, NULL, 'a7t3tDxN6poZVtwZ5jsvFgpB1vxlYQvV'),
       (257, 762, 'PASSENGER', 2, 'ANTONIO BAUTISTA', '8116869735', NULL, 'PAID', '2026-01-29 12:21:56', '2026-01-29',
        9, 'TAQUILLA', NULL, 120.00, 240.00, '2026-01-30 01:39:42', NULL, NULL, 'NR4XwcKzbMrMJIGKEU_Q9hYIMAgIaI-8'),
       (258, 763, 'PASSENGER', 1, 'Chantal Nachieli Martínez', '8341026107', NULL, 'PAY_AT_BOARDING',
        '2026-01-29 13:26:45', '2026-01-31', 2, 'TAQUILLA', NULL, 120.00, 120.00, NULL, NULL, NULL,
        '1cbVTv_X8kcs18m52cfTv5SmgLp_dJsx'),
       (259, 764, 'PASSENGER', 1, 'Chantal Nachieli Martínez', '8341026107', NULL, 'PAID', '2026-01-29 13:27:57',
        '2026-01-31', 3, 'TAQUILLA', NULL, 120.00, 120.00, '2026-01-31 22:06:14', NULL, NULL,
        'vR47o5KZXq3apIUzuja_EVOdCUBZcZYn'),
       (260, 765, 'PASSENGER', 1, 'Chantal Nachieli Martínez', '8341026107', NULL, 'PAID', '2026-01-29 13:29:15',
        '2026-01-30', 2, 'TAQUILLA', NULL, 120.00, 120.00, '2026-01-30 14:28:23', NULL, NULL,
        'Eq1UhWJO_xAzbn8g7Q_cxkcMI-qtymB7'),
       (261, 766, 'PASSENGER', 1, 'Chantal Nachieli Martínez', '8341026107', NULL, 'PAY_AT_BOARDING',
        '2026-01-29 13:30:12', '2026-01-30', 3, 'TAQUILLA', NULL, 120.00, 120.00, NULL, NULL, NULL,
        'ZvYJALRAICNmNZ-CnNf0SNdD14MH-Ked'),
       (262, 767, 'PASSENGER', 1, 'Chantal Nachieli Martínez', '8341026107', NULL, 'PAID', '2026-01-29 13:31:15',
        '2026-02-01', 1, 'TAQUILLA', NULL, 120.00, 120.00, '2026-02-01 15:18:54', NULL, NULL,
        '2CbwiQMO8C4U7NuKfohRf1X2rYyQUdTg'),
       (263, 768, 'PASSENGER', 1, 'Chantal Nachieli Martínez', '8341026107', NULL, 'PAY_AT_BOARDING',
        '2026-01-29 13:32:23', '2026-02-01', 2, 'TAQUILLA', NULL, 120.00, 120.00, NULL, NULL, NULL,
        'jV-uJ5PwsmY4_Vc9gdoyCv2IHBMyllRn'),
       (264, 760, 'PASSENGER', 1, 'Razzy', '8342731453', NULL, 'PAID', '2026-01-29 14:09:11', '2026-01-29', 10,
        'TAQUILLA', NULL, 120.00, 120.00, '2026-01-29 16:01:07', NULL, NULL, 'FjlHUvy6TpMAyQKhFMi7ytIBU9vEcw67'),
       (265, 737, 'PASSENGER', 1, 'Josefina', '8342675575', NULL, 'PAID', '2026-01-29 15:36:16', '2026-01-29', 11,
        'TAQUILLA', NULL, 120.00, 120.00, '2026-01-30 01:42:04', NULL, NULL, '7rKCYKlZnoetln27O0FVYK9ET8_FYmCQ'),
       (266, 737, 'PASSENGER', 1, 'Lizett Vargas', '8312542847', NULL, 'PAID', '2026-01-29 15:54:37', '2026-01-29', 12,
        'TAQUILLA', NULL, 120.00, 120.00, '2026-01-30 01:42:01', NULL, NULL, 't-xIZ5eGwKnROKr97_I-aFXENVHxm3PU'),
       (267, 760, 'PASSENGER', 1, 'Daniel Vargas', '8135963341', NULL, 'PAID', '2026-01-29 15:57:24', '2026-01-29', 13,
        'TAQUILLA', NULL, 120.00, 120.00, '2026-01-30 01:40:19', NULL, NULL, 'cQry9u9_ppqjxkzQfJKw1HwsrdhqnEXG'),
       (268, 754, 'PASSENGER', 1, 'Victoria Molina', '8341492511', NULL, 'CANCELLED', '2026-01-29 16:25:47',
        '2026-01-29', 14, 'TAQUILLA', NULL, 120.00, 120.00, NULL, NULL, NULL, 'tGh2ByDtoFgNkvQ2oe_F0Zp7wJ3W3ocP'),
       (269, 737, 'PASSENGER', 1, 'Vicente Avalos', '8342721793', NULL, 'CANCELLED', '2026-01-29 16:51:30',
        '2026-01-29', 15, 'TAQUILLA', NULL, 120.00, 120.00, NULL, NULL, NULL, '7ubYub8x3dWYWPXZXdTldtEai4jYyjoA'),
       (270, 737, 'PASSENGER', 1, 'Josefina', '8342675575', NULL, 'CANCELLED', '2026-01-29 17:03:24', '2026-01-29', 16,
        'TAQUILLA', NULL, 120.00, 120.00, NULL, NULL, NULL, 'h9u4i7AyFegGfzIbiM9BK7E-4eix8OMz'),
       (271, 769, 'PASSENGER', 2, 'Carolina Rodríguez', '8135963341', NULL, 'PAID', '2026-01-29 17:09:25', '2026-01-29',
        17, 'TAQUILLA', NULL, 120.00, 240.00, '2026-01-30 01:41:44', NULL, NULL, 'jawW8RoWkF3g2Q13taPiOwfsmmc5dshR'),
       (272, 765, 'PASSENGER', 2, 'Domitilo y Margarita', '8341479238', NULL, 'PAID', '2026-01-29 17:10:29',
        '2026-01-30', 4, 'TAQUILLA', NULL, 120.00, 240.00, '2026-01-30 14:28:26', NULL, NULL,
        'uuIpJlw9bzW1wbsIxKCcvzqCUveHrN91'),
       (273, 769, 'PASSENGER', 2, 'Antonio', '8135963341', NULL, 'PAID', '2026-01-29 17:49:55', '2026-01-29', 18,
        'TAQUILLA', NULL, 120.00, 240.00, '2026-01-30 01:41:48', NULL, NULL, 'lhIhbzWGsJIiNyIqcveyXOSkz3unGTah'),
       (274, 761, 'PASSENGER', 1, 'Chantal Nachieli Martínez', '8341026107', NULL, 'PAID', '2026-01-29 19:49:45',
        '2026-01-29', 19, 'TAQUILLA', NULL, 120.00, 120.00, '2026-01-30 01:42:34', NULL, NULL,
        'BxP5Q0iNHxMA6n1_hhvK5qtPZa6mzReO'),
       (275, 761, 'PASSENGER', 1, 'Razzy', '8342731453', NULL, 'PAID', '2026-01-29 21:01:51', '2026-01-29', 20,
        'TAQUILLA', NULL, 120.00, 120.00, '2026-01-30 01:42:36', NULL, NULL, 'SO5ShQg2nrdQ91omckLpTBGHz8vUb1RH'),
       (276, 778, 'PASSENGER', 1, 'Mariela Hernández', '8341432495', NULL, 'PAY_AT_BOARDING', '2026-01-29 22:15:39',
        '2026-01-30', 5, 'TAQUILLA', NULL, 120.00, 120.00, NULL, NULL, NULL, 'jphNUnpCTVL78GY5D1fXA-P2cnYzG_qK'),
       (277, 765, 'PASSENGER', 1, 'Daniel Barrientos', '8116814510', NULL, 'PAID', '2026-01-29 22:32:54', '2026-01-30',
        6, 'TAQUILLA', NULL, 120.00, 120.00, '2026-01-30 14:28:29', NULL, NULL, 'BpR2krufYddmTQGtrqQnfFP7ouLI-eUL'),
       (278, 765, 'PASSENGER', 1, 'Alfredo', '8342994628', NULL, 'PAID', '2026-01-30 00:40:43', '2026-01-30', 7,
        'TAQUILLA', NULL, 120.00, 120.00, '2026-01-30 14:28:34', NULL, NULL, 'qWILzqJUbqoPD-1uRCpml7i9oCq0uIX4'),
       (279, 781, 'PASSENGER', 1, 'Edwin', '8311613049', NULL, 'CANCELLED', '2026-01-30 00:48:26', '2026-01-30', 8,
        'TAQUILLA', NULL, 120.00, 120.00, NULL, NULL, NULL, 'S92FZZSVJO-msSwApD8zQ9xQx0a-4DQW'),
       (280, 781, 'PASSENGER', 1, 'Edwin', '8311613049', NULL, 'CANCELLED', '2026-01-30 00:48:26', '2026-01-30', 9,
        'TAQUILLA', NULL, 120.00, 120.00, NULL, NULL, NULL, '-im-8M9Lis9Jefa_vehzBQOoE2HgHzf2'),
       (281, 782, 'PASSENGER', 2, 'Alexa Aguilera', '8342538859', NULL, 'PAY_AT_BOARDING', '2026-01-30 01:00:10',
        '2026-01-30', 10, 'TAQUILLA', NULL, 120.00, 240.00, NULL, NULL, NULL, 'KUnhJ7ASIIBanMe5Mo60sXnjKoBfaEVk'),
       (282, 766, 'PASSENGER', 1, 'ROBERTO RICO', '8342572806', NULL, 'PAY_AT_BOARDING', '2026-01-30 01:53:49',
        '2026-01-30', 11, 'TAQUILLA', NULL, 120.00, 120.00, NULL, NULL, NULL, 'jl4UgMt9KvfLMkgokpCgKGsIWl_U5McI'),
       (283, 764, 'PASSENGER', 2, 'Aida Hernández', '8342659537', NULL, 'PAID', '2026-01-30 02:07:58', '2026-01-31', 4,
        'TAQUILLA', NULL, 120.00, 240.00, '2026-01-31 22:06:47', NULL, NULL, 'iG2ZoKlv_zZLwALOtBbZh69QK_vxO9Jn'),
       (284, 783, 'PASSENGER', 1, 'Bernardo', '8135963341', NULL, 'PAY_AT_BOARDING', '2026-01-30 14:32:36',
        '2026-01-30', 12, 'TAQUILLA', NULL, 120.00, 120.00, NULL, NULL, NULL, '7qUxsCBD4RQAdVDJfqTDcfK2fGZI2sZn'),
       (285, 766, 'PASSENGER', 2, 'Chenty', '8343041025', NULL, 'PAY_AT_BOARDING', '2026-01-30 15:03:38', '2026-01-30',
        13, 'TAQUILLA', NULL, 120.00, 240.00, NULL, NULL, NULL, 'g2oQNQ4gQh9PijK-EnS9skIH6qXuz3fb'),
       (286, 784, 'PASSENGER', 1, 'Timoteo', '8135963341', NULL, 'PAY_AT_BOARDING', '2026-01-30 16:32:42', '2026-01-30',
        14, 'TAQUILLA', NULL, 120.00, 120.00, NULL, NULL, NULL, '2GU4dlXddpmowpwAqxdrMH2wTBHvTg5C'),
       (287, 785, 'PASSENGER', 1, 'Cesar Ruben Linares', '8311769206', NULL, 'PAY_AT_BOARDING', '2026-01-30 18:11:56',
        '2026-01-31', 5, 'TAQUILLA', NULL, 120.00, 120.00, NULL, NULL, NULL, 'i_e-WgdSd5WaeW7jjuqbrM_1pPK1N_9Q'),
       (288, 786, 'PASSENGER', 1, 'Ramón leal', '8135963341', NULL, 'PAY_AT_BOARDING', '2026-01-30 18:18:48',
        '2026-01-31', 6, 'TAQUILLA', NULL, 120.00, 120.00, NULL, NULL, NULL, 'yT_oJfwGQjxvUW08EfzQS7L-wdP3y7fQ'),
       (289, 787, 'PASSENGER', 1, 'Ramón leal', '8135963341', NULL, 'CANCELLED', '2026-01-30 18:19:09', '2026-01-31', 7,
        'TAQUILLA', NULL, 120.00, 120.00, NULL, NULL, NULL, 'VExfw3J3ESzmBVnVFZ7pkIiMz5HdmVCm'),
       (290, 787, 'PASSENGER', 2, 'Ramón leal', '8135963341', NULL, 'PAID', '2026-01-30 18:20:34', '2026-01-31', 8,
        'TAQUILLA', NULL, 120.00, 240.00, '2026-01-31 16:52:29', NULL, NULL, 'eAwqG4sTrHDLnbuAo3ERzkCjOLPwSEub'),
       (291, 788, 'PASSENGER', 1, 'Ismael', '8135963341', NULL, 'PAY_AT_BOARDING', '2026-01-30 19:09:51', '2026-01-30',
        15, 'TAQUILLA', NULL, 120.00, 120.00, NULL, NULL, NULL, '_yu1hjy60ThpztRpnvAnXlC59t8x1JMw'),
       (292, 789, 'PASSENGER', 1, 'Omar', '8688231069', NULL, 'PAY_AT_BOARDING', '2026-01-30 19:10:43', '2026-01-31', 9,
        'TAQUILLA', NULL, 120.00, 120.00, NULL, NULL, NULL, 'h1iidcCN6U5whtOByLkFHuzorVhdFvi1'),
       (293, 763, 'PASSENGER', 1, 'Josefina', '8342675575', NULL, 'CANCELLED', '2026-01-30 19:18:14', '2026-01-31', 10,
        'TAQUILLA', NULL, 120.00, 120.00, NULL, NULL, NULL, 'zXSHdK4RwJFl55axD-CP3FsP23zdKxXy'),
       (294, 788, 'PASSENGER', 1, 'Javier', '8135963341', NULL, 'PAY_AT_BOARDING', '2026-01-30 19:41:19', '2026-01-30',
        16, 'TAQUILLA', NULL, 120.00, 120.00, NULL, NULL, NULL, 'Q24hyAzO8R_m4rwJfrPU7lYlYr_SqbV3'),
       (295, 788, 'PASSENGER', 1, 'Jesus', '8135963341', NULL, 'PAY_AT_BOARDING', '2026-01-30 19:47:36', '2026-01-30',
        17, 'TAQUILLA', NULL, 120.00, 120.00, NULL, NULL, NULL, 'e95apxXFjpovK6KHqQM-g0NUuWiWuVrw'),
       (296, 766, 'PASSENGER', 2, 'Araceli Baez y abilene castillo', '8341175597', NULL, 'PAY_AT_BOARDING',
        '2026-01-30 20:40:14', '2026-01-30', 18, 'TAQUILLA', NULL, 120.00, 240.00, NULL, NULL, NULL,
        'rfv6UxovNBQB0sdHjJGSJmcXZiDZAqd7'),
       (297, 786, 'PASSENGER', 2, 'Denisse', '8135963341', NULL, 'PAY_AT_BOARDING', '2026-01-30 21:29:07', '2026-01-31',
        11, 'TAQUILLA', NULL, 120.00, 240.00, NULL, NULL, NULL, 'Z5_HLDGTGF3z-iOpAq4oM5Q9bAQ3wjQ6'),
       (298, 790, 'PASSENGER', 1, 'Neri sierra', '8135963341', NULL, 'PAY_AT_BOARDING', '2026-01-30 22:34:08',
        '2026-01-30', 19, 'TAQUILLA', NULL, 120.00, 120.00, NULL, NULL, NULL, 'Zj7XOpfDXGPD__SUqoSzCn0kRk50k_1a'),
       (299, 790, 'PASSENGER', 1, 'Mario soto', '8135963341', NULL, 'PAY_AT_BOARDING', '2026-01-30 22:34:26',
        '2026-01-30', 20, 'TAQUILLA', NULL, 120.00, 120.00, NULL, NULL, NULL, '8pORFynIqJUCvCFDwt8i9cgafxVq1oYe'),
       (300, 787, 'PASSENGER', 1, 'Neidy Cabrera', '8341386146', NULL, 'PAID', '2026-01-30 23:34:58', '2026-01-31', 12,
        'TAQUILLA', NULL, 120.00, 120.00, '2026-01-31 16:51:12', NULL, NULL, '54Q5qh51IStnEW4JJeYC9WeN0yp-v-QD'),
       (301, 764, 'PASSENGER', 2, 'Naidelyn Vega', '8341895578', NULL, 'PAID', '2026-01-31 00:27:23', '2026-01-31', 13,
        'TAQUILLA', NULL, 120.00, 240.00, '2026-01-31 22:05:02', NULL, NULL, 'eOPQZB17sLwZIAtH_ul-6nm-0Cxt3Q88'),
       (302, 785, 'PASSENGER', 1, 'Martha Irene Rico', '9511896539', NULL, 'PAY_AT_BOARDING', '2026-01-31 01:14:45',
        '2026-01-31', 14, 'TAQUILLA', NULL, 120.00, 120.00, NULL, NULL, NULL, '3a8SA6CqRBVEcddiUjLSzLhCMNHg4N2e'),
       (303, 723, 'PASSENGER', 1, 'Alison Ortiz', '8342531262', NULL, 'PAY_AT_BOARDING', '2026-01-31 02:20:28',
        '2026-01-31', 15, 'TAQUILLA', NULL, 120.00, 120.00, NULL, NULL, NULL, 'wJeZD4cbn2El3lp1ZOPalXtrxyoOTpEZ'),
       (304, 791, 'PASSENGER', 1, 'Odalys Vargas', '8341448810', NULL, 'PAY_AT_BOARDING', '2026-01-31 03:02:44',
        '2026-01-31', 16, 'TAQUILLA', NULL, 120.00, 120.00, NULL, NULL, NULL, 'lszjGEk989414u_1Iy3yGLllP4LPObNX'),
       (305, 787, 'PASSENGER', 2, 'Edna laura', '8123491792', NULL, 'PAID', '2026-01-31 05:11:27', '2026-01-31', 17,
        'TAQUILLA', NULL, 120.00, 240.00, '2026-01-31 16:50:24', NULL, NULL, 'MX1OGrcWQSMzacOGlTv0Ir5y2mzUGFYm'),
       (306, 787, 'PASSENGER', 1, 'Ángel Gallardo', '8344795268', NULL, 'PAY_AT_BOARDING', '2026-01-31 14:37:28',
        '2026-01-31', 18, 'TAQUILLA', NULL, 120.00, 120.00, NULL, NULL, NULL, 'rLj6ClIYF1IqgYVf7ypIa87ARn2nNDwd'),
       (307, 792, 'PASSENGER', 2, 'Carlos ferrel y Rosa María', '8341256555', NULL, 'PAID', '2026-01-31 17:40:08',
        '2026-01-31', 19, 'TAQUILLA', NULL, 120.00, 240.00, '2026-01-31 19:21:37', NULL, NULL,
        '686M-Y43B7vd7VyDX8ddLdnC4mlj52q6'),
       (308, 792, 'PASSENGER', 2, 'Ramón leal', '8135963341', NULL, 'PAID', '2026-01-31 17:50:51', '2026-01-31', 20,
        'TAQUILLA', NULL, 120.00, 240.00, '2026-01-31 19:21:43', NULL, NULL, 'wiBtn-zbvg8Aql70SM_ld8xwzION4kdD'),
       (309, 767, 'PASSENGER', 2, 'Vero Soto', '8344291192', NULL, 'PAID', '2026-01-31 18:11:13', '2026-02-01', 3,
        'TAQUILLA', NULL, 120.00, 240.00, '2026-02-01 15:31:42', NULL, NULL, 'YsTh8njGYkos1sbSUy2H_aYZdXF-5Imm'),
       (310, 764, 'PASSENGER', 1, 'Alfredo', '8342994628', NULL, 'PAID', '2026-01-31 19:47:23', '2026-01-31', 21,
        'TAQUILLA', NULL, 120.00, 120.00, '2026-01-31 22:06:11', NULL, NULL, 's9y8xUuFpc5zkbgDiOdr05WeuuR_nxF9'),
       (311, 793, 'PASSENGER', 1, 'Erica', '8688274724', NULL, 'CANCELLED', '2026-01-31 20:00:11', '2026-01-31', 22,
        'TAQUILLA', NULL, 120.00, 120.00, NULL, NULL, NULL, 'C1q3Q9cQBODZh5O3oqc559n_QKx7qu7q'),
       (312, 800, 'PASSENGER', 1, 'DAGOBERTO', '8342460177', NULL, 'PAY_AT_BOARDING', '2026-02-01 00:55:12',
        '2026-02-01', 4, 'TAQUILLA', NULL, 120.00, 120.00, NULL, NULL, NULL, 'IzBi5U56DksaR7qgTBB9SphmgcLSZi5r'),
       (313, 801, 'PASSENGER', 1, 'MTRA. JOSEFINA', '8342675575', NULL, 'PAY_AT_BOARDING', '2026-02-01 00:57:43',
        '2026-02-01', 5, 'TAQUILLA', NULL, 120.00, 120.00, NULL, NULL, NULL, 'F0mU7sUGxXXAT9kTwr9pJFVUM7zzxHeX'),
       (314, 802, 'PASSENGER', 1, 'Edgar Juárez', '8341808289', NULL, 'PAY_AT_BOARDING', '2026-02-01 02:47:21',
        '2026-02-01', 6, 'TAQUILLA', NULL, 120.00, 120.00, NULL, NULL, NULL, 'ltqQGSJbeOtUoyQJwYvMvsAZOD9JJmKZ'),
       (315, 803, 'PASSENGER', 1, 'Edgar juarez', '8341808289', NULL, 'PAY_AT_BOARDING', '2026-02-01 02:49:20',
        '2026-02-04', 1, 'TAQUILLA', NULL, 120.00, 120.00, NULL, NULL, NULL, '5cDbfNxmKwSB6sGySw4GtmmndaNbs1I3'),
       (316, 856, 'PASSENGER', 1, 'Erick', '8345851982', NULL, 'PAY_AT_BOARDING', '2026-02-01 04:14:33', '2026-02-01',
        7, 'TAQUILLA', NULL, 120.00, 120.00, NULL, NULL, NULL, 'Qu0LAIbYdKABO8eYMR2axdkr8p2EccIj'),
       (317, 800, 'PASSENGER', 1, 'Anabel soto', '8341506008', NULL, 'PAY_AT_BOARDING', '2026-02-01 12:19:11',
        '2026-02-01', 8, 'TAQUILLA', NULL, 120.00, 120.00, NULL, NULL, NULL, 'O6dH9QF91gXZW6JnMjxojCu7cvTnaSkX'),
       (318, 801, 'PASSENGER', 1, 'Marisol Rodríguez', '8342542215', NULL, 'PAY_AT_BOARDING', '2026-02-01 16:04:14',
        '2026-02-01', 9, 'TAQUILLA', NULL, 120.00, 120.00, NULL, NULL, NULL, '1cl6lfWDBK7GEC7iHC5w5_270zhUaRAJ'),
       (319, 856, 'PASSENGER', 1, 'Enrique Baez', '8143500952', NULL, 'PENDING_PAYMENT', '2026-02-01 17:32:02',
        '2026-02-01', 10, 'TRANSFERENCIA', '0007396805', 120.00, 120.00, NULL, NULL, NULL,
        'bUcK0vhLIX2IPaJbLiQczatUjpeFy3dd'),
       (320, 857, 'PASSENGER', 1, 'Angel vega', '8342674476', NULL, 'PAY_AT_BOARDING', '2026-02-01 18:46:01',
        '2026-02-01', 11, 'TAQUILLA', NULL, 120.00, 120.00, NULL, NULL, NULL, 'omryn7Gj-t45ierZxR2R5Q8aSMQ7o9Kl'),
       (321, 768, 'PASSENGER', 2, 'Vero Soto', '8344291192', NULL, 'PAY_AT_BOARDING', '2026-02-01 19:50:20',
        '2026-02-01', 12, 'TAQUILLA', NULL, 120.00, 240.00, NULL, NULL, NULL, 'lx0P6TRM7n_xmo6SjddfyX3p8TYWuTf5'),
       (322, 768, 'PASSENGER', 1, 'SERGIO URBINA', '8343092222', NULL, 'PAY_AT_BOARDING', '2026-02-01 21:28:42',
        '2026-02-01', 13, 'TAQUILLA', NULL, 120.00, 120.00, NULL, NULL, NULL, 'dYaAa5pN5b9joqa4prpERw7sHhuSgKAm'),
       (323, 835, 'PASSENGER', 1, 'Aida Hernández', '8342659537', NULL, 'PAY_AT_BOARDING', '2026-02-01 23:46:54',
        '2026-02-02', 1, 'TAQUILLA', NULL, 120.00, 120.00, NULL, NULL, NULL, 'LQOjFp0bzEcDE4Teb9RSbnlYPKxlnmOV'),
       (324, 835, 'PASSENGER', 1, 'Chintia', '8341754754', NULL, 'PAY_AT_BOARDING', '2026-02-02 02:10:47', '2026-02-02',
        2, 'TAQUILLA', NULL, 120.00, 120.00, NULL, NULL, NULL, 'ndIp-9n21sPSS8-WJOaYCr-XTdTAEzg6'),
       (325, 835, 'PASSENGER', 1, 'Anabel soto', '8341506608', NULL, 'PAY_AT_BOARDING', '2026-02-02 04:12:19',
        '2026-02-02', 3, 'TAQUILLA', NULL, 120.00, 120.00, NULL, NULL, NULL, 'mxHxEUjOayfEaKnq6EUzGJzvNN5PR8my'),
       (326, 835, 'PASSENGER', 1, 'Anabel soto', '8341506008', NULL, 'CANCELLED', '2026-02-02 04:14:13', '2026-02-02',
        4, 'TAQUILLA', NULL, 120.00, 120.00, NULL, NULL, NULL, 'c5nWAJzu5KuB7sdrdyTvpqhp9EHaBFgT'),
       (327, 843, 'PASSENGER', 1, 'Odalys Vargas', '8341448810', NULL, 'PAY_AT_BOARDING', '2026-02-02 13:56:50',
        '2026-02-02', 5, 'TAQUILLA', NULL, 120.00, 120.00, NULL, NULL, NULL, 'IyrhNIuIWKpAeAguT6MZI5x749MyG1Nx'),
       (328, 837, 'PASSENGER', 1, 'Timoteo', '8135963341', NULL, 'PAY_AT_BOARDING', '2026-02-02 14:20:39', '2026-02-02',
        6, 'TAQUILLA', NULL, 120.00, 120.00, NULL, NULL, NULL, 'rg6GZNw6hpwnEMlgh6znccVELcA46tGJ'),
       (329, 841, 'PASSENGER', 1, 'Domitila', '8135963341', NULL, 'PAY_AT_BOARDING', '2026-02-02 15:37:46',
        '2026-02-02', 7, 'TAQUILLA', NULL, 120.00, 120.00, NULL, NULL, NULL, 'QxzNbGudaPZyvgDg5fIVvHVlI0lmlGKJ'),
       (330, 807, 'PASSENGER', 1, 'Alfredo', '8342994628', NULL, 'PAY_AT_BOARDING', '2026-02-02 16:03:09', '2026-02-03',
        1, 'TAQUILLA', NULL, 120.00, 120.00, NULL, NULL, NULL, 'pJUxo6Rtw3RO_i3zldMO4hP-ArEMRdyT'),
       (331, 840, 'PASSENGER', 2, 'Ramón leal', '8135963341', NULL, 'PAY_AT_BOARDING', '2026-02-02 16:11:15',
        '2026-02-02', 8, 'TAQUILLA', NULL, 120.00, 240.00, NULL, NULL, NULL, 'B7W53XO7O0YeMeVVWkL1Bq3GLFhs9BSG'),
       (332, 838, 'PASSENGER', 1, 'Victoria', '8321130256', NULL, 'PAY_AT_BOARDING', '2026-02-02 16:41:31',
        '2026-02-02', 9, 'TAQUILLA', NULL, 120.00, 120.00, NULL, NULL, NULL, '00aWdnFuU8rRqPgKlVZISK8lPQk_ZLmV'),
       (333, 807, 'PASSENGER', 1, 'Chantal Martínez', '8341026107', NULL, 'PAY_AT_BOARDING', '2026-02-02 19:57:38',
        '2026-02-03', 2, 'TAQUILLA', NULL, 120.00, 120.00, NULL, NULL, NULL, 'TcWHZlhBQi_XXhOrYx5O6TyM1Qcdp0W8'),
       (334, 814, 'PASSENGER', 1, 'Chantal Mtz', '8341026107', NULL, 'PAY_AT_BOARDING', '2026-02-02 19:58:29',
        '2026-02-03', 3, 'TAQUILLA', NULL, 120.00, 120.00, NULL, NULL, NULL, 'zEMJPGcALMKGO3WbPceEIIxYJBqrecor'),
       (335, 842, 'PASSENGER', 1, 'Rosaura salas', '8342323644', NULL, 'PAY_AT_BOARDING', '2026-02-02 21:48:00',
        '2026-02-02', 10, 'TAQUILLA', NULL, 120.00, 120.00, NULL, NULL, NULL, 'PwWpgXB6RL2x1Hhl-7-wTx-lX9-bFjLC'),
       (336, 807, 'PASSENGER', 1, 'Lizett Vargas', '8312542847', NULL, 'CANCELLED', '2026-02-03 01:07:36', '2026-02-03',
        4, 'TAQUILLA', NULL, 120.00, 120.00, NULL, NULL, NULL, '1SIfGpMAR0PwX1MoVlnAqdiYTDHIEpyx'),
       (337, 807, 'PASSENGER', 1, 'GARY', '8344758475', NULL, 'PAY_AT_BOARDING', '2026-02-03 01:36:11', '2026-02-03', 5,
        'TAQUILLA', NULL, 120.00, 120.00, NULL, NULL, NULL, 'K2PXF7lxwny6-nDLWQmkqKF8HTiovGR9'),
       (338, 814, 'PASSENGER', 2, 'Yuseli Velázquez', '8135963341', NULL, 'PAY_AT_BOARDING', '2026-02-03 14:38:59',
        '2026-02-03', 6, 'TAQUILLA', NULL, 120.00, 240.00, NULL, NULL, NULL, 'YqkOjuEIl5amPXpbGMYHDngvXrcT5AIK'),
       (339, 814, 'PASSENGER', 1, 'Domitila', '8135963341', NULL, 'PAY_AT_BOARDING', '2026-02-03 16:22:36',
        '2026-02-03', 7, 'TAQUILLA', NULL, 120.00, 120.00, NULL, NULL, NULL, 'l84bFvb9T6TbvqVe-2-jiaHwHqauJyb0'),
       (340, 815, 'PASSENGER', 1, 'Elisabeth Angeles gonzalez', '8344271782', NULL, 'PAY_AT_BOARDING',
        '2026-02-03 18:31:01', '2026-02-03', 8, 'TAQUILLA', NULL, 120.00, 120.00, NULL, NULL, NULL,
        'qAyygSpxnOgRHu8X9j8RfsVWTlbPDjUm'),
       (341, 814, 'PASSENGER', 1, 'Gary olaff Treviño Mireles', '8344758475', NULL, 'PAY_AT_BOARDING',
        '2026-02-03 18:37:51', '2026-02-03', 9, 'TAQUILLA', NULL, 120.00, 120.00, NULL, NULL, NULL,
        '8deqguD_pvY31FrgNi8HUm-Q8l2F5sat'),
       (342, 814, 'PASSENGER', 1, 'David', '8344756376', NULL, 'PAY_AT_BOARDING', '2026-02-03 21:23:09', '2026-02-03',
        10, 'TAQUILLA', NULL, 120.00, 120.00, NULL, NULL, NULL, 'W8f_BgrbqqRnaseA5wE-FC5KqA20A6Lz'),
       (343, 936, 'PASSENGER', 1, 'Chantal Martínez', '8341026107', NULL, 'PAY_AT_BOARDING', '2026-02-03 22:02:30',
        '2026-02-04', 2, 'TAQUILLA', NULL, 120.00, 120.00, NULL, NULL, NULL, '29SOVciy7vWl1ZvHlAnj55olS4Rnpg34'),
       (344, 937, 'PASSENGER', 1, 'Chantal Martínez', '8341026107', NULL, 'CANCELLED', '2026-02-03 22:07:15',
        '2026-02-04', 3, 'TAQUILLA', NULL, 120.00, 120.00, NULL, NULL, NULL, 'XFaggizLjkuyKcjpwUxRQZztDaan68cj'),
       (345, 815, 'PASSENGER', 1, 'Gabriel', '8341266045', NULL, 'PAY_AT_BOARDING', '2026-02-03 22:30:03', '2026-02-03',
        11, 'TAQUILLA', NULL, 120.00, 120.00, NULL, NULL, NULL, 'hgVUmsZgXgkpLDWmExG63tuzWg_xOZei'),
       (346, 938, 'PASSENGER', 1, 'SAULA MONTES', '8342187466', NULL, 'PAY_AT_BOARDING', '2026-02-04 00:49:40',
        '2026-02-04', 4, 'TAQUILLA', NULL, 120.00, 120.00, NULL, NULL, NULL, 'N3kR3ExHm9MSp5qHjV64fVR4YgZs3_NI'),
       (347, 939, 'PASSENGER', 1, 'Bernardo montes', '8342029772', NULL, 'PAY_AT_BOARDING', '2026-02-04 14:39:11',
        '2026-02-04', 5, 'TAQUILLA', NULL, 120.00, 120.00, NULL, NULL, NULL, 'w3WTNT8qAu0icygWvHw0Dc7lloDg3gPw'),
       (348, 937, 'PASSENGER', 2, 'Karina Rodríguez', '8135963341', NULL, 'PAY_AT_BOARDING', '2026-02-04 15:14:35',
        '2026-02-04', 6, 'TAQUILLA', NULL, 120.00, 240.00, NULL, NULL, NULL, 'lp6CvXrx3vNhC_FBrIMgf4lphSsuaqmg'),
       (349, 939, 'PASSENGER', 1, 'Lorena cumpean', '8135963341', NULL, 'PAY_AT_BOARDING', '2026-02-04 15:17:32',
        '2026-02-04', 7, 'TAQUILLA', NULL, 120.00, 120.00, NULL, NULL, NULL, 'L0KlSZB3QFIlcXkUhkhcYoeN8z7lTjK-'),
       (350, 939, 'PASSENGER', 1, 'Delia castro', '8135963341', NULL, 'PAY_AT_BOARDING', '2026-02-04 15:50:18',
        '2026-02-04', 8, 'TAQUILLA', NULL, 120.00, 120.00, NULL, NULL, NULL, 'oiz34Kzc5vpFQbnEfAGCcZVNdrMKdGM3'),
       (351, 940, 'PASSENGER', 1, 'Bernardo Montes', '8135963341', NULL, 'PAY_AT_BOARDING', '2026-02-04 15:51:33',
        '2026-02-04', 9, 'TAQUILLA', NULL, 120.00, 120.00, NULL, NULL, NULL, '1eSLx96HkjJoxpS6CRVUAnZbeH-IMjli'),
       (352, 938, 'PASSENGER', 1, 'Antonio Martínez', '8991153382', NULL, 'PAY_AT_BOARDING', '2026-02-04 16:29:39',
        '2026-02-04', 10, 'TAQUILLA', NULL, 120.00, 120.00, NULL, NULL, NULL, 'wUcCrrm7qHySxYOyeW8uHWrqYritygnz'),
       (353, 941, 'PASSENGER', 1, 'Nery Sierra Medellin', '8343082604', NULL, 'PAY_AT_BOARDING', '2026-02-04 16:30:52',
        '2026-02-04', 11, 'TAQUILLA', NULL, 120.00, 120.00, NULL, NULL, NULL, 'F7BJxwNlD1-CI13J-mDX3pDlNFRQnFLA'),
       (354, 940, 'PASSENGER', 1, 'Lorena cumpean', '8135963341', NULL, 'CANCELLED', '2026-02-04 16:57:21',
        '2026-02-04', 12, 'TAQUILLA', NULL, 120.00, 120.00, NULL, NULL, NULL, '7yBVjBmqa4KryMBh2iH3TNLx0H_NIDCu'),
       (355, 937, 'PASSENGER', 1, 'Delia castro', '8135963341', NULL, 'PAY_AT_BOARDING', '2026-02-04 16:57:55',
        '2026-02-04', 13, 'TAQUILLA', NULL, 120.00, 120.00, NULL, NULL, NULL, 'f3ALNTEPe-zrPOFTQlIjEeCCl_exQ-Sk'),
       (356, 942, 'PASSENGER', 1, 'Fernando cabriales', '8135963341', NULL, 'PAY_AT_BOARDING', '2026-02-04 17:55:03',
        '2026-02-04', 14, 'TAQUILLA', NULL, 120.00, 120.00, NULL, NULL, NULL, '3cstk9UKKtGGTWoYN-KUhk3VOkXHNm3l'),
       (357, 937, 'PASSENGER', 1, 'Diamantina Flores', '8341045173', NULL, 'PAY_AT_BOARDING', '2026-02-04 18:25:16',
        '2026-02-04', 15, 'TAQUILLA', NULL, 120.00, 120.00, NULL, NULL, NULL, 'wP4I3EvA0MVfgrYJYJogaKvLXXeU0qLf'),
       (358, 803, 'PASSENGER', 1, 'Kenya navarro', '8132562002', NULL, 'PAY_AT_BOARDING', '2026-02-04 20:24:04',
        '2026-02-04', 16, 'TAQUILLA', NULL, 120.00, 120.00, NULL, NULL, NULL, 'BRNNy6gO7Fd6pm7LARTNaMMaMDtad9nw'),
       (359, 943, 'PASSENGER', 2, 'Leonardo Mejia', '8342729024', NULL, 'PAID', '2026-02-04 20:34:25', '2026-02-05', 1,
        'TAQUILLA', NULL, 120.00, 240.00, '2026-02-05 17:48:47', NULL, NULL, 'grucr8bG7iUbuvyCAy9GNrhIaLNWD8jE'),
       (360, 937, 'PASSENGER', 1, 'Rosario Limón', '8342749014', NULL, 'PAY_AT_BOARDING', '2026-02-04 21:11:23',
        '2026-02-04', 17, 'TAQUILLA', NULL, 120.00, 120.00, NULL, NULL, NULL, 'mviTjd0CylpfXQA9QY2Z9BEkPDSISOB_'),
       (361, 944, 'PASSENGER', 1, 'Chantal Mtz', '8341026107', NULL, 'PAID', '2026-02-05 00:28:23', '2026-02-05', 2,
        'TAQUILLA', NULL, 120.00, 120.00, '2026-02-05 17:48:36', NULL, NULL, 'iDHGAMbI8Mw4Jzqixv3iLhXAUXCf624b'),
       (362, 945, 'PASSENGER', 1, 'Chantal Mtz', '8341026107', NULL, 'PAY_AT_BOARDING', '2026-02-05 00:29:39',
        '2026-02-05', 3, 'TAQUILLA', NULL, 120.00, 120.00, NULL, NULL, NULL, '45roaKHbMgFFXHhet-LEGdwrZYZTp7qa'),
       (363, 946, 'PASSENGER', 1, 'Gabriel Medellín', '8341266045', NULL, 'PAID', '2026-02-05 00:33:57', '2026-02-05',
        4, 'TAQUILLA', NULL, 120.00, 120.00, '2026-02-05 17:48:22', NULL, NULL, 'ICPL2MumvVAxgOa9UXzgO2omLkOy-_sp'),
       (364, 943, 'PASSENGER', 1, 'Valeria Alejandra Lozano Guzmán', '8332313945', NULL, 'PAID', '2026-02-05 01:25:27',
        '2026-02-05', 5, 'TAQUILLA', NULL, 120.00, 120.00, '2026-02-05 17:48:54', NULL, NULL,
        'VXHy7OWoxCrWWlQ2lptzrsVQB1YL3_iq'),
       (365, 943, 'PASSENGER', 1, 'Daniel vargas', '8135963341', NULL, 'PAID', '2026-02-05 13:37:35', '2026-02-05', 6,
        'TAQUILLA', NULL, 120.00, 120.00, '2026-02-05 17:48:58', NULL, NULL, 'LtsKJGpj3XNVoD4e1r9kCrrg9WA9jAlN'),
       (366, 943, 'PASSENGER', 1, 'Timoteo', '8135963341', NULL, 'PAID', '2026-02-05 15:56:00', '2026-02-05', 7,
        'TAQUILLA', NULL, 120.00, 120.00, '2026-02-05 17:49:01', NULL, NULL, 'kUowH22NwMWZh5w1-aR0ftznUG8qn_xC'),
       (367, 947, 'PASSENGER', 1, 'Anabel soto', '8341506608', NULL, 'PAY_AT_BOARDING', '2026-02-05 16:14:11',
        '2026-02-05', 8, 'TAQUILLA', NULL, 120.00, 120.00, NULL, NULL, NULL, 'Skdz87WtMtud5PIKg48Cx_XuN30pCsF4'),
       (368, 948, 'PASSENGER', 2, 'Leonardo Mejia', '8342729024', NULL, 'PAY_AT_BOARDING', '2026-02-05 18:45:38',
        '2026-02-05', 9, 'TAQUILLA', NULL, 120.00, 240.00, NULL, NULL, NULL, 'w6RoADbGUMlfQHE2mH_E7ptZac2xxJpw'),
       (369, 949, 'PASSENGER', 1, 'Martín Vigil', '8341617995', NULL, 'PAY_AT_BOARDING', '2026-02-05 19:28:52',
        '2026-02-05', 10, 'TAQUILLA', NULL, 120.00, 120.00, NULL, NULL, NULL, 'pRRzUHjZoAtuTK_PxNNjkihKKF13U8kx'),
       (370, 950, 'PASSENGER', 1, 'Nayeli Avalos', '8342583987', NULL, 'PAY_AT_BOARDING', '2026-02-05 20:16:36',
        '2026-02-06', 1, 'TAQUILLA', NULL, 120.00, 120.00, NULL, NULL, NULL, '4hEqvDwHTdPGTS-RSPGQWCX9Y5jjtJUH'),
       (371, 951, 'PASSENGER', 2, 'Ezequiel Castro', '8311143198', NULL, 'PAID', '2026-02-05 20:20:28', '2026-02-06', 2,
        'TAQUILLA', NULL, 120.00, 240.00, '2026-02-06 21:35:05', NULL, NULL, '1XuHxwEEEzJ4xRXxan_3K6Tc5-6T0TdI'),
       (372, 949, 'PASSENGER', 1, 'Ricardo Hernandez', '8341393435', NULL, 'PAY_AT_BOARDING', '2026-02-05 21:51:54',
        '2026-02-05', 11, 'TAQUILLA', NULL, 120.00, 120.00, NULL, NULL, NULL, 'NsYze_brjjX6J_dCxkePX0P6t-bf8WK3'),
       (373, 952, 'PASSENGER', 1, 'Carlos Flores', '8343085298', NULL, 'PAID', '2026-02-05 21:55:13', '2026-02-06', 3,
        'TAQUILLA', NULL, 120.00, 120.00, '2026-02-06 13:41:02', NULL, NULL, 'Kq8TN4WyzEdrZmiOUZ35HuFLlv4lo4ga'),
       (374, 949, 'PASSENGER', 1, 'Hilary Ibarra', '8341931484', NULL, 'PAY_AT_BOARDING', '2026-02-05 22:38:54',
        '2026-02-05', 12, 'TAQUILLA', NULL, 120.00, 120.00, NULL, NULL, NULL, '91b2pvTVjRt6xpjt3PpLKqjCCVuS1o7R'),
       (375, 953, 'PASSENGER', 2, 'Alexa Aguilera', '8342538859', NULL, 'PAID', '2026-02-06 00:33:02', '2026-02-06', 4,
        'TAQUILLA', NULL, 120.00, 240.00, '2026-02-06 18:52:44', NULL, NULL, 'SCWA1taFcbPItTUumEvck2PdxjfG1oSW'),
       (376, 906, 'PASSENGER', 1, 'Avril Acuña', '8342675575', NULL, 'PAY_AT_BOARDING', '2026-02-06 02:51:57',
        '2026-02-07', 1, 'TAQUILLA', NULL, 120.00, 120.00, NULL, NULL, NULL, 'mhdRWaj0qlxUOI3PNRFMYewGA7Giv55E'),
       (377, 954, 'PASSENGER', 1, 'Margarita Molina', '8114177141', NULL, 'PAID', '2026-02-06 14:18:56', '2026-02-06',
        5, 'TAQUILLA', NULL, 120.00, 120.00, '2026-02-06 16:58:21', NULL, NULL, 'LVemr4Alc5RYlz3JuHlZzAqoZg2LcNjR'),
       (378, 955, 'PASSENGER', 1, 'Daniela Hernández', '8342746763', NULL, 'PAID', '2026-02-06 14:47:10', '2026-02-06',
        6, 'TAQUILLA', NULL, 120.00, 120.00, '2026-02-06 21:35:40', NULL, NULL, 'xSbzpcby0HNyCTNE0WH0O2BS70RL8N7-'),
       (379, 951, 'PASSENGER', 1, 'Francisco Gutierrez', '8135963341', NULL, 'PAID', '2026-02-06 15:56:31',
        '2026-02-06', 7, 'TAQUILLA', NULL, 120.00, 120.00, '2026-02-06 21:35:08', NULL, NULL,
        'aAY7YsG290otiyS9whpRv25fP9tYLt9g'),
       (380, 956, 'PASSENGER', 1, 'Alan Basaldua', '8341471414', NULL, 'PAY_AT_BOARDING', '2026-02-06 21:06:51',
        '2026-02-06', 8, 'TAQUILLA', NULL, 120.00, 120.00, NULL, NULL, NULL, 'CyVCfinWNkDaFXEluYEpDa7lpnDS5OT3'),
       (381, 911, 'PASSENGER', 1, 'Jesus', '8348533356', NULL, 'PAY_AT_BOARDING', '2026-02-06 21:10:12', '2026-02-07',
        2, 'TAQUILLA', NULL, 120.00, 120.00, NULL, NULL, NULL, 'AArQNz9guNyHvOX9rXDfgZWeDLqC5mZN'),
       (382, 957, 'PASSENGER', 1, 'Nery Sierra', '8343082604', NULL, 'CANCELLED', '2026-02-06 22:26:07', '2026-02-06',
        9, 'TAQUILLA', NULL, 120.00, 120.00, NULL, NULL, NULL, 'upl5XKUHc0hMckoiXuqledWuSWyagvGF'),
       (383, 957, 'PASSENGER', 1, 'Nery Sierra', '8343082604', NULL, 'PAY_AT_BOARDING', '2026-02-06 22:36:41',
        '2026-02-06', 10, 'TAQUILLA', NULL, 120.00, 120.00, NULL, NULL, NULL, '8v9nn-zGTfJOGNbIl8glEa9qxDE-AP2O'),
       (384, 910, 'PASSENGER', 2, 'Angeles juarez', '8110092139', NULL, 'PAY_AT_BOARDING', '2026-02-07 00:45:30',
        '2026-02-07', 3, 'TAQUILLA', NULL, 120.00, 240.00, NULL, NULL, NULL, '5tS56iWw2nSPom8-DRXs-4Rg-CczXcEQ'),
       (385, 911, 'PASSENGER', 1, 'César Linares', '8311769206', NULL, 'PAY_AT_BOARDING', '2026-02-07 02:52:52',
        '2026-02-07', 4, 'TAQUILLA', NULL, 120.00, 120.00, NULL, NULL, NULL, 'a3uSMIxrqrOT4Y5UY6wXlPobGDUAhHY_'),
       (386, 908, 'PASSENGER', 1, 'Fatima Sepulveda', '8342721793', NULL, 'PAY_AT_BOARDING', '2026-02-07 03:05:58',
        '2026-02-07', 5, 'TAQUILLA', NULL, 120.00, 120.00, NULL, NULL, NULL, 'MZ3iQeoa7CPkmEJVq1hjrN-5f4CiLO_o'),
       (387, 910, 'PASSENGER', 1, 'Rosalía Rodríguez', '8341213589', NULL, 'PAY_AT_BOARDING', '2026-02-07 14:13:21',
        '2026-02-07', 6, 'TAQUILLA', NULL, 120.00, 120.00, NULL, NULL, NULL, 'PZGe357PDqYzac-z_fCIM-x__pdtPjhC'),
       (388, 960, 'PASSENGER', 1, 'Gloria Flores', '8135963341', NULL, 'PAY_AT_BOARDING', '2026-02-07 23:08:57',
        '2026-02-09', 1, 'TAQUILLA', NULL, 120.00, 120.00, NULL, NULL, NULL, 'lL5cw2CZd9uM7cLRoW-sHLNuJoe0x-S0'),
       (389, 961, 'PASSENGER', 1, 'Akemi Sanchez', '8341151800', NULL, 'PAY_AT_BOARDING', '2026-02-08 03:27:29',
        '2026-02-09', 2, 'TAQUILLA', NULL, 120.00, 120.00, NULL, NULL, NULL, 'uszAXlqYzNOkhlTFSimHzh_pzGcgo1OB'),
       (390, 962, 'PASSENGER', 1, 'Nallely Avalos', '8342583987', NULL, 'PAY_AT_BOARDING', '2026-02-08 13:38:55',
        '2026-02-09', 3, 'TAQUILLA', NULL, 120.00, 120.00, NULL, NULL, NULL, 'grckK9UfB5XnW31XS0d7pxQaJtvqaybu'),
       (391, 963, 'PASSENGER', 1, 'Alfredo musceda', '8342994628', NULL, 'PAY_AT_BOARDING', '2026-02-08 20:53:21',
        '2026-02-09', 4, 'TAQUILLA', NULL, 120.00, 120.00, NULL, NULL, NULL, 'XMNLHB0kH7bUG7S-_1swwC3OelHuDvXb'),
       (392, 963, 'PASSENGER', 1, 'Ivan', '8342730877', NULL, 'PAY_AT_BOARDING', '2026-02-09 00:58:50', '2026-02-09', 5,
        'TAQUILLA', NULL, 120.00, 120.00, NULL, NULL, NULL, '2ixlhM1zH3HqvvEnJYJLxDT9HLiHHF7a'),
       (393, 963, 'PASSENGER', 2, 'Isais flores Medina', '8341001699', NULL, 'PAY_AT_BOARDING', '2026-02-09 01:50:31',
        '2026-02-09', 6, 'TAQUILLA', NULL, 120.00, 240.00, NULL, NULL, NULL, 'uyrdHPGILrwyehG01qecxSJVctqo3IvG'),
       (394, 963, 'PASSENGER', 1, 'Minerva Ruiz', '8341770961', NULL, 'PAY_AT_BOARDING', '2026-02-09 02:23:19',
        '2026-02-09', 7, 'TAQUILLA', NULL, 120.00, 120.00, NULL, NULL, NULL, '3XCmYKLllukjddcJ5osBQ8Gp3V3gypr4'),
       (395, 964, 'PASSENGER', 1, 'aida hernandez gaitan', '8342659537', NULL, 'PAY_AT_BOARDING', '2026-02-09 03:07:02',
        '2026-02-09', 8, 'TAQUILLA', NULL, 120.00, 120.00, NULL, NULL, NULL, 'aoqTEYmnTVaESmujf4xcmrY5Tmzvhy_Q'),
       (396, 965, 'PASSENGER', 2, 'brizeida linares', '8341677376', NULL, 'PAY_AT_BOARDING', '2026-02-09 03:45:03',
        '2026-02-09', 9, 'TAQUILLA', NULL, 120.00, 240.00, NULL, NULL, NULL, 'HmIV_fJIjza-KbMXgDXwqN80QqBN-GDO'),
       (397, 966, 'PASSENGER', 1, 'Hilary ibarra', '8341931484', NULL, 'PAY_AT_BOARDING', '2026-02-09 05:36:20',
        '2026-02-09', 10, 'TAQUILLA', NULL, 120.00, 120.00, NULL, NULL, NULL, '2TfxugLMprWadLXHBq5kxJLNaMxRMrbK'),
       (398, 962, 'PASSENGER', 1, 'Nery Sierra Medellin', '8343082604', NULL, 'PAY_AT_BOARDING', '2026-02-09 16:15:23',
        '2026-02-09', 11, 'TAQUILLA', NULL, 120.00, 120.00, NULL, NULL, NULL, 'CjiiqWR9NVKewRunjUbLbmjTujwTNR2C'),
       (399, 967, 'PASSENGER', 1, 'Karla Mackenzy', '8342729154', NULL, 'PAID', '2026-02-09 18:21:22', '2026-02-09', 12,
        'TAQUILLA', NULL, 120.00, 120.00, '2026-02-09 19:09:20', NULL, NULL, 'aoWna8wt7SH6VaLIK8ndUVRyhkEPw85E'),
       (400, 965, 'PASSENGER', 1, 'Osiris alonso', '8117146237', NULL, 'PAY_AT_BOARDING', '2026-02-09 18:53:56',
        '2026-02-09', 13, 'TAQUILLA', NULL, 120.00, 120.00, NULL, NULL, NULL, 'NAc5KjdzJ0wea9gK68jRLcWcahMWBnFv'),
       (401, 965, 'PASSENGER', 1, 'Dilan', '8135963341', NULL, 'PAY_AT_BOARDING', '2026-02-09 20:08:24', '2026-02-09',
        14, 'TAQUILLA', NULL, 120.00, 120.00, NULL, NULL, NULL, 'MYsNO6dAFuHeIJIxmjhHeIluOx0WH32J');
/*!40000 ALTER TABLE `transporte_reservations`
    ENABLE KEYS */;
UNLOCK TABLES;

--
-- Table structure for table `transporte_settings`
--

DROP TABLE IF EXISTS `transporte_settings`;
/*!40101 SET @saved_cs_client = @@character_set_client */;
/*!40101 SET character_set_client = utf8 */;
CREATE TABLE `transporte_settings`
(
    `id`                  tinyint(4)     NOT NULL,
    `passenger_price_mxn` decimal(10, 2) NOT NULL DEFAULT 120.00,
    `package_price_mxn`   decimal(10, 2) NOT NULL DEFAULT 120.00,
    `updated_at`          timestamp      NOT NULL DEFAULT current_timestamp() ON UPDATE current_timestamp(),
    PRIMARY KEY (`id`)
) ENGINE = InnoDB
  DEFAULT CHARSET = utf8mb4
  COLLATE = utf8mb4_unicode_ci;
/*!40101 SET character_set_client = @saved_cs_client */;

--
-- Dumping data for table `transporte_settings`
--

LOCK TABLES `transporte_settings` WRITE;
/*!40000 ALTER TABLE `transporte_settings`
    DISABLE KEYS */;
INSERT INTO `transporte_settings`
VALUES (1, 120.00, 120.00, '2026-01-17 18:59:38');
/*!40000 ALTER TABLE `transporte_settings`
    ENABLE KEYS */;
UNLOCK TABLES;

--
-- Table structure for table `transporte_tickets`
--

DROP TABLE IF EXISTS `transporte_tickets`;
/*!40101 SET @saved_cs_client = @@character_set_client */;
/*!40101 SET character_set_client = utf8 */;
CREATE TABLE `transporte_tickets`
(
    `id`             bigint(20) NOT NULL AUTO_INCREMENT,
    `reservation_id` bigint(20) NOT NULL,
    `code`           char(12)   NOT NULL,
    `issued_at`      timestamp  NOT NULL DEFAULT current_timestamp(),
    PRIMARY KEY (`id`),
    UNIQUE KEY `uq_tickets_reservation` (`reservation_id`),
    UNIQUE KEY `uq_tickets_code` (`code`),
    KEY `idx_transporte_tk_res` (`reservation_id`),
    CONSTRAINT `fk_transporte_tk_res` FOREIGN KEY (`reservation_id`) REFERENCES `transporte_reservations` (`id`) ON UPDATE CASCADE
) ENGINE = InnoDB
  AUTO_INCREMENT = 142
  DEFAULT CHARSET = utf8mb4
  COLLATE = utf8mb4_unicode_ci;
/*!40101 SET character_set_client = @saved_cs_client */;

--
-- Dumping data for table `transporte_tickets`
--

LOCK TABLES `transporte_tickets` WRITE;
/*!40000 ALTER TABLE `transporte_tickets`
    DISABLE KEYS */;
INSERT INTO `transporte_tickets`
VALUES (1, 1, '636KKREA4JXJ', '2026-01-05 02:18:27'),
       (2, 7, 'N6JQZTDBXDZR', '2026-01-05 13:38:21'),
       (3, 8, 'R9FX8WD9PLYS', '2026-01-05 13:42:26'),
       (4, 6, 'GYHJXWLZ252T', '2026-01-05 13:44:32'),
       (5, 9, 'GLBEFCZ6T9L7', '2026-01-05 15:09:17'),
       (6, 4, 'SUQ39RZSVGDL', '2026-01-05 16:05:13'),
       (7, 5, '5HP7BPJLUMYW', '2026-01-05 16:05:48'),
       (8, 12, 'QJVWXX4ZXGAV', '2026-01-05 16:06:11'),
       (9, 11, '5L9VZ8NKVWH5', '2026-01-05 17:05:20'),
       (10, 13, 'TDM9JPECM5QZ', '2026-01-05 17:14:10'),
       (11, 3, 'PN563942ZPHN', '2026-01-05 18:11:21'),
       (12, 10, '6EFQZXNX4FRM', '2026-01-05 18:11:28'),
       (13, 15, '3N8R5HM2XXX9', '2026-01-05 20:04:57'),
       (14, 18, 'LZFK6N4ZVWD5', '2026-01-05 20:32:22'),
       (15, 14, 'AVC7TJ826SVF', '2026-01-05 20:38:19'),
       (16, 19, 'GELGDUWL8SKU', '2026-01-05 20:58:24'),
       (17, 20, 'ZVP4W3HF8WC6', '2026-01-05 21:03:19'),
       (18, 2, 'TM9X9AVGQANM', '2026-01-06 02:12:48'),
       (19, 17, 'PKDHWU2X27EU', '2026-01-06 04:03:47'),
       (20, 22, '8U8BZGUVBBNU', '2026-01-06 04:10:03'),
       (21, 24, '2BGQ7AVYCNEW', '2026-01-06 04:24:05'),
       (22, 23, '9M_IRFK7', '2026-01-06 15:50:25'),
       (23, 28, 'FA9732CD4F', '2026-01-06 23:13:02'),
       (24, 29, '2VS0ZG0E', '2026-01-06 23:17:58'),
       (25, 25, '0B04753938', '2026-01-06 23:47:30'),
       (26, 26, '41425CE28F', '2026-01-06 23:50:19'),
       (27, 30, 'AG6B1AR0', '2026-01-07 04:08:35'),
       (28, 33, 'F668F4A93B', '2026-01-07 04:33:48'),
       (29, 31, 'EXYT3AI9', '2026-01-07 16:54:44'),
       (30, 35, 'QMU_0X5P', '2026-01-07 18:15:03'),
       (31, 34, '9FZQUXHW', '2026-01-08 03:24:12'),
       (32, 36, 'SZ4DPHEO', '2026-01-08 03:26:18'),
       (33, 39, '0HW1009I', '2026-01-08 16:58:15'),
       (34, 42, '9Q3M3TJC', '2026-01-09 00:54:38'),
       (35, 45, 'IG9GCGGT', '2026-01-09 00:54:41'),
       (36, 38, '9XNCQXVS', '2026-01-09 00:56:25'),
       (37, 47, 'XYIOD2F-', '2026-01-09 14:18:30'),
       (38, 48, '9QYP76MN', '2026-01-09 16:56:41'),
       (39, 50, 'SHIRAJ3L', '2026-01-09 16:56:44'),
       (40, 52, 'O3JI8UOU', '2026-01-09 17:50:10'),
       (41, 58, 'U4TOKLJU', '2026-01-11 04:52:42'),
       (42, 54, '1FAROSC4', '2026-01-11 04:53:47'),
       (43, 70, '8YKTM_GJ', '2026-01-12 00:24:04'),
       (44, 65, 'DZC3YFK6', '2026-01-12 00:26:42'),
       (45, 68, 'TTGWTGTH', '2026-01-12 00:27:53'),
       (46, 71, '36D30HKR', '2026-01-12 00:27:56'),
       (47, 77, 'OCDTZJQV', '2026-01-12 03:02:21'),
       (48, 84, '69NRKINR', '2026-01-12 21:29:25'),
       (49, 73, 'AMZ8LNXZ', '2026-01-12 21:29:41'),
       (50, 75, 'ZQ2PE9O0', '2026-01-12 21:29:44'),
       (51, 76, 'LNNW8CQ7', '2026-01-12 21:29:50'),
       (52, 87, 'YR8G2LI3', '2026-01-15 14:39:55'),
       (53, 93, 'R7LWQQQR', '2026-01-15 16:28:26'),
       (54, 96, 'U4C2ZA04', '2026-01-17 16:53:13'),
       (55, 123, 'K6N__XXZ', '2026-01-17 18:47:24'),
       (56, 132, 'OF8XAJHC', '2026-01-18 16:55:30'),
       (57, 122, 'YL_WAZU2', '2026-01-18 18:04:17'),
       (58, 127, 'J9TV7BHK', '2026-01-18 20:52:32'),
       (59, 126, 'VRAUPMYJ', '2026-01-18 20:55:09'),
       (60, 125, '1M1IYU3R', '2026-01-18 20:55:11'),
       (61, 119, 'HQUJ97OR', '2026-01-19 19:04:57'),
       (62, 143, 'H5WBXAEL', '2026-01-19 19:05:44'),
       (63, 144, 'RNJG8KTW', '2026-01-19 19:05:47'),
       (64, 138, 'H8HB2OL0', '2026-01-19 19:05:57'),
       (65, 140, 'NYCYPZTD', '2026-01-19 19:06:00'),
       (66, 118, 'W20PDZ5H', '2026-01-19 19:06:07'),
       (67, 141, 'A6L42JJK', '2026-01-19 19:06:11'),
       (68, 148, 'OE3ZY8KA', '2026-01-20 16:57:31'),
       (69, 149, '39WODRHI', '2026-01-20 16:57:37'),
       (70, 142, 'SRUQEVZK', '2026-01-20 16:58:39'),
       (71, 147, 'THKS4NVB', '2026-01-20 16:58:41'),
       (72, 150, 'YR-O9EVZ', '2026-01-20 19:47:09'),
       (73, 151, '66Z1DYYM', '2026-01-21 00:19:01'),
       (74, 153, 'FMZPNIVT', '2026-01-21 01:48:22'),
       (75, 161, 'XQFAXD_6', '2026-01-22 04:38:58'),
       (76, 162, 'NLEHRQSK', '2026-01-22 13:34:06'),
       (77, 159, '058HYJNB', '2026-01-22 13:34:12'),
       (78, 160, 'YGE6ZLCS', '2026-01-22 17:09:17'),
       (79, 164, 'K6SXGUYE', '2026-01-22 17:09:20'),
       (80, 166, 'DECXUYNV', '2026-01-23 13:24:11'),
       (81, 171, 'CUTKKJIJ', '2026-01-23 13:24:14'),
       (82, 173, 'G_XUOSR0', '2026-01-23 13:24:17'),
       (83, 168, '94O4LKIK', '2026-01-23 15:32:34'),
       (84, 174, 'JQ6BQQ4M', '2026-01-23 20:02:33'),
       (85, 185, 'FV-U4N2-', '2026-01-24 04:35:53'),
       (86, 184, 'CSLCLHNL', '2026-01-24 16:58:15'),
       (87, 192, 'ORJNNTHB', '2026-01-25 22:19:44'),
       (88, 225, 'QRCLLB6N', '2026-01-27 02:43:52'),
       (89, 227, 'SJYFDEYC', '2026-01-27 02:43:56'),
       (90, 228, 'I3BVGRHU', '2026-01-27 02:44:06'),
       (91, 232, '1GLSOBRQ', '2026-01-27 03:08:53'),
       (92, 237, '9PEQ5JYZ', '2026-01-27 21:32:27'),
       (93, 236, 'NFSTIWCG', '2026-01-27 21:32:29'),
       (94, 231, 'SWAPRYAQ', '2026-01-27 21:32:53'),
       (95, 230, 'YONVQRLA', '2026-01-27 21:32:56'),
       (96, 235, 'QXTNCE95', '2026-01-27 21:33:23'),
       (97, 243, 'WYMZPNHX', '2026-01-28 03:35:10'),
       (98, 242, 'IQOYF1GG', '2026-01-28 13:34:25'),
       (99, 233, 'LNXOG4MN', '2026-01-28 21:09:34'),
       (100, 264, 'AL_EXI0X', '2026-01-29 16:01:07'),
       (101, 257, 'JNRZANOW', '2026-01-30 01:39:42'),
       (102, 244, '2ZMMZW_N', '2026-01-30 01:39:52'),
       (103, 255, 'CI3OAWQU', '2026-01-30 01:40:10'),
       (104, 267, '5MXZPL6U', '2026-01-30 01:40:19'),
       (105, 271, 'GYGEWR1G', '2026-01-30 01:41:44'),
       (106, 273, 'RZBDYVFX', '2026-01-30 01:41:48'),
       (107, 266, 'OVUIHJE_', '2026-01-30 01:42:01'),
       (108, 265, 'VT_BUSDF', '2026-01-30 01:42:04'),
       (109, 234, 'UJKMJSW0', '2026-01-30 01:42:06'),
       (110, 274, 'WZLDXH0E', '2026-01-30 01:42:34'),
       (111, 275, 'MVFOI64J', '2026-01-30 01:42:36'),
       (112, 253, 'FVPH7EIT', '2026-01-30 01:42:55'),
       (113, 254, '0770E9_H', '2026-01-30 14:28:15'),
       (114, 260, '8G-DUZV4', '2026-01-30 14:28:23'),
       (115, 272, 'ERISGNX9', '2026-01-30 14:28:26'),
       (116, 277, 'OJEQ4RHV', '2026-01-30 14:28:29'),
       (117, 278, '7HVJURUJ', '2026-01-30 14:28:34'),
       (118, 305, 'OTGKSNJC', '2026-01-31 16:50:24'),
       (119, 300, 'VB7XLLFG', '2026-01-31 16:51:12'),
       (120, 290, 'SABTZL_0', '2026-01-31 16:52:29'),
       (121, 307, 'H134PAGM', '2026-01-31 19:21:37'),
       (122, 308, 'VDKV9F5Q', '2026-01-31 19:21:43'),
       (123, 301, 'UMZTVVDL', '2026-01-31 22:05:02'),
       (124, 310, 'Q09CMPSL', '2026-01-31 22:06:11'),
       (125, 259, 'UF5ZPBFS', '2026-01-31 22:06:14'),
       (126, 283, 'NCKXD3JI', '2026-01-31 22:06:47'),
       (127, 262, 'BGHFAILO', '2026-02-01 15:18:54'),
       (128, 309, '02IPGU1T', '2026-02-01 15:31:42'),
       (129, 363, 'FNFF3C5P', '2026-02-05 17:48:22'),
       (130, 361, 'YDKGISUQ', '2026-02-05 17:48:36'),
       (131, 359, 'YRC_UAWQ', '2026-02-05 17:48:47'),
       (132, 364, 'EEH4KZPK', '2026-02-05 17:48:54'),
       (133, 365, 'K9XNSJN2', '2026-02-05 17:48:58'),
       (134, 366, 'NPTZB4OT', '2026-02-05 17:49:01'),
       (135, 373, 'JDJ6UBH2', '2026-02-06 13:41:02'),
       (136, 377, 'UP6_F3IU', '2026-02-06 16:58:21'),
       (137, 375, 'J69P_MTO', '2026-02-06 18:52:44'),
       (138, 371, 'JRWKXYPK', '2026-02-06 21:35:05'),
       (139, 379, 'BD3VVTJT', '2026-02-06 21:35:08'),
       (140, 378, 'OOFD4BVN', '2026-02-06 21:35:40'),
       (141, 399, 'CUUC1SQA', '2026-02-09 19:09:20');
/*!40000 ALTER TABLE `transporte_tickets`
    ENABLE KEYS */;
UNLOCK TABLES;

--
-- Table structure for table `transporte_trips`
--

DROP TABLE IF EXISTS `transporte_trips`;
/*!40101 SET @saved_cs_client = @@character_set_client */;
/*!40101 SET character_set_client = utf8 */;
CREATE TABLE `transporte_trips`
(
    `id`          bigint(20)                         NOT NULL AUTO_INCREMENT,
    `template_id` int(11)                            NOT NULL,
    `trip_date`   date                               NOT NULL,
    `status`      enum ('OPEN','CLOSED','CANCELLED') NOT NULL DEFAULT 'OPEN',
    `notes`       varchar(255)                                DEFAULT NULL,
    `created_at`  timestamp                          NOT NULL DEFAULT current_timestamp(),
    PRIMARY KEY (`id`),
    UNIQUE KEY `template_id` (`template_id`, `trip_date`),
    CONSTRAINT `fk_transporte_trips_template` FOREIGN KEY (`template_id`) REFERENCES `transporte_departure_templates` (`id`) ON UPDATE CASCADE
) ENGINE = InnoDB
  AUTO_INCREMENT = 968
  DEFAULT CHARSET = utf8mb4
  COLLATE = utf8mb4_unicode_ci;
/*!40101 SET character_set_client = @saved_cs_client */;

--
-- Dumping data for table `transporte_trips`
--

LOCK TABLES `transporte_trips` WRITE;
/*!40000 ALTER TABLE `transporte_trips`
    DISABLE KEYS */;
INSERT INTO `transporte_trips`
VALUES (1, 1, '2026-01-04', 'OPEN', NULL, '2026-01-05 02:15:20'),
       (2, 3, '2026-01-04', 'OPEN', NULL, '2026-01-05 02:15:20'),
       (3, 5, '2026-01-04', 'OPEN', NULL, '2026-01-05 02:15:20'),
       (4, 7, '2026-01-04', 'OPEN', NULL, '2026-01-05 02:15:20'),
       (5, 9, '2026-01-04', 'OPEN', NULL, '2026-01-05 02:15:20'),
       (6, 1, '2026-01-03', 'OPEN', NULL, '2026-01-05 02:16:14'),
       (7, 3, '2026-01-03', 'OPEN', NULL, '2026-01-05 02:16:14'),
       (8, 5, '2026-01-03', 'OPEN', NULL, '2026-01-05 02:16:14'),
       (9, 7, '2026-01-03', 'OPEN', NULL, '2026-01-05 02:16:14'),
       (10, 9, '2026-01-03', 'OPEN', NULL, '2026-01-05 02:16:14'),
       (11, 1, '2026-01-05', 'OPEN', NULL, '2026-01-05 02:18:58'),
       (12, 3, '2026-01-05', 'OPEN', NULL, '2026-01-05 02:18:58'),
       (13, 5, '2026-01-05', 'OPEN', NULL, '2026-01-05 02:18:58'),
       (14, 7, '2026-01-05', 'OPEN', NULL, '2026-01-05 02:18:58'),
       (15, 9, '2026-01-05', 'OPEN', NULL, '2026-01-05 02:18:58'),
       (16, 2, '2026-01-04', 'OPEN', NULL, '2026-01-05 02:25:46'),
       (17, 4, '2026-01-04', 'OPEN', NULL, '2026-01-05 02:25:46'),
       (18, 6, '2026-01-04', 'OPEN', NULL, '2026-01-05 02:25:46'),
       (19, 8, '2026-01-04', 'OPEN', NULL, '2026-01-05 02:25:46'),
       (20, 10, '2026-01-04', 'OPEN', NULL, '2026-01-05 02:25:46'),
       (21, 2, '2026-01-05', 'OPEN', NULL, '2026-01-05 02:25:57'),
       (22, 4, '2026-01-05', 'OPEN', NULL, '2026-01-05 02:25:57'),
       (23, 6, '2026-01-05', 'OPEN', NULL, '2026-01-05 02:25:57'),
       (24, 8, '2026-01-05', 'OPEN', NULL, '2026-01-05 02:25:57'),
       (25, 10, '2026-01-05', 'OPEN', NULL, '2026-01-05 02:25:57'),
       (26, 1, '2026-01-06', 'OPEN', NULL, '2026-01-05 14:43:03'),
       (27, 3, '2026-01-06', 'OPEN', NULL, '2026-01-05 14:43:03'),
       (28, 5, '2026-01-06', 'OPEN', NULL, '2026-01-05 14:43:03'),
       (29, 7, '2026-01-06', 'OPEN', NULL, '2026-01-05 14:43:03'),
       (30, 9, '2026-01-06', 'OPEN', NULL, '2026-01-05 14:43:03'),
       (31, 1, '2026-01-07', 'OPEN', NULL, '2026-01-05 14:43:07'),
       (32, 3, '2026-01-07', 'OPEN', NULL, '2026-01-05 14:43:07'),
       (33, 5, '2026-01-07', 'OPEN', NULL, '2026-01-05 14:43:07'),
       (34, 7, '2026-01-07', 'OPEN', NULL, '2026-01-05 14:43:07'),
       (35, 9, '2026-01-07', 'OPEN', NULL, '2026-01-05 14:43:07'),
       (36, 2, '2026-01-06', 'OPEN', NULL, '2026-01-05 20:19:40'),
       (37, 4, '2026-01-06', 'OPEN', NULL, '2026-01-05 20:19:40'),
       (38, 6, '2026-01-06', 'OPEN', NULL, '2026-01-05 20:19:40'),
       (39, 8, '2026-01-06', 'OPEN', NULL, '2026-01-05 20:19:40'),
       (40, 10, '2026-01-06', 'OPEN', NULL, '2026-01-05 20:19:40'),
       (41, 2, '2026-01-07', 'OPEN', NULL, '2026-01-06 00:35:30'),
       (42, 4, '2026-01-07', 'OPEN', NULL, '2026-01-06 00:35:30'),
       (43, 6, '2026-01-07', 'OPEN', NULL, '2026-01-06 00:35:30'),
       (44, 8, '2026-01-07', 'OPEN', NULL, '2026-01-06 00:35:30'),
       (45, 10, '2026-01-07', 'OPEN', NULL, '2026-01-06 00:35:30'),
       (46, 1, '2026-01-08', 'OPEN', NULL, '2026-01-06 03:05:57'),
       (47, 3, '2026-01-08', 'OPEN', NULL, '2026-01-06 03:05:57'),
       (48, 5, '2026-01-08', 'OPEN', NULL, '2026-01-06 03:05:57'),
       (49, 7, '2026-01-08', 'CANCELLED', NULL, '2026-01-06 03:05:57'),
       (50, 9, '2026-01-08', 'OPEN', NULL, '2026-01-06 03:05:57'),
       (51, 1, '2026-01-09', 'OPEN', NULL, '2026-01-06 03:06:01'),
       (52, 3, '2026-01-09', 'OPEN', NULL, '2026-01-06 03:06:01'),
       (53, 5, '2026-01-09', 'OPEN', NULL, '2026-01-06 03:06:01'),
       (54, 7, '2026-01-09', 'OPEN', NULL, '2026-01-06 03:06:01'),
       (55, 9, '2026-01-09', 'CANCELLED', NULL, '2026-01-06 03:06:01'),
       (56, 1, '2026-01-10', 'CANCELLED', NULL, '2026-01-06 03:06:03'),
       (57, 3, '2026-01-10', 'CANCELLED', NULL, '2026-01-06 03:06:03'),
       (58, 5, '2026-01-10', 'CANCELLED', NULL, '2026-01-06 03:06:03'),
       (59, 7, '2026-01-10', 'CANCELLED', NULL, '2026-01-06 03:06:03'),
       (60, 9, '2026-01-10', 'CANCELLED', NULL, '2026-01-06 03:06:03'),
       (94, 2, '2026-01-09', 'OPEN', NULL, '2026-01-07 02:01:41'),
       (95, 4, '2026-01-09', 'OPEN', NULL, '2026-01-07 02:01:41'),
       (96, 6, '2026-01-09', 'OPEN', NULL, '2026-01-07 02:01:41'),
       (97, 8, '2026-01-09', 'OPEN', NULL, '2026-01-07 02:01:41'),
       (98, 10, '2026-01-09', 'CANCELLED', NULL, '2026-01-07 02:01:41'),
       (154, 2, '2026-01-10', 'CANCELLED', NULL, '2026-01-07 04:18:01'),
       (155, 4, '2026-01-10', 'CANCELLED', NULL, '2026-01-07 04:18:01'),
       (156, 6, '2026-01-10', 'CANCELLED', NULL, '2026-01-07 04:18:01'),
       (157, 8, '2026-01-10', 'CANCELLED', NULL, '2026-01-07 04:18:01'),
       (242, 2, '2026-01-08', 'OPEN', NULL, '2026-01-07 04:41:18'),
       (243, 4, '2026-01-08', 'OPEN', NULL, '2026-01-07 04:41:18'),
       (244, 6, '2026-01-08', 'OPEN', NULL, '2026-01-07 04:41:18'),
       (245, 8, '2026-01-08', 'CANCELLED', NULL, '2026-01-07 04:41:18'),
       (246, 10, '2026-01-08', 'OPEN', NULL, '2026-01-07 04:41:18'),
       (284, 10, '2026-01-10', 'CANCELLED', NULL, '2026-01-07 04:48:49'),
       (411, 1, '2026-01-13', 'OPEN', NULL, '2026-01-07 21:28:01'),
       (412, 2, '2026-01-13', 'OPEN', NULL, '2026-01-07 21:28:01'),
       (413, 3, '2026-01-13', 'OPEN', NULL, '2026-01-07 21:28:01'),
       (414, 4, '2026-01-13', 'OPEN', NULL, '2026-01-07 21:28:01'),
       (415, 5, '2026-01-13', 'OPEN', NULL, '2026-01-07 21:28:01'),
       (416, 6, '2026-01-13', 'OPEN', NULL, '2026-01-07 21:28:01'),
       (417, 7, '2026-01-13', 'CANCELLED', NULL, '2026-01-07 21:28:01'),
       (418, 8, '2026-01-13', 'CANCELLED', NULL, '2026-01-07 21:28:01'),
       (419, 9, '2026-01-13', 'CANCELLED', NULL, '2026-01-07 21:28:01'),
       (420, 10, '2026-01-13', 'CANCELLED', NULL, '2026-01-07 21:28:01'),
       (435, 1, '2026-01-14', 'CANCELLED', NULL, '2026-01-07 21:35:40'),
       (436, 2, '2026-01-14', 'CANCELLED', NULL, '2026-01-07 21:35:40'),
       (437, 3, '2026-01-14', 'CANCELLED', NULL, '2026-01-07 21:35:40'),
       (438, 4, '2026-01-14', 'CANCELLED', NULL, '2026-01-07 21:35:40'),
       (439, 5, '2026-01-14', 'CANCELLED', NULL, '2026-01-07 21:35:40'),
       (440, 6, '2026-01-14', 'CANCELLED', NULL, '2026-01-07 21:35:40'),
       (441, 7, '2026-01-14', 'CANCELLED', NULL, '2026-01-07 21:35:40'),
       (442, 8, '2026-01-14', 'CANCELLED', NULL, '2026-01-07 21:35:40'),
       (443, 9, '2026-01-14', 'CANCELLED', NULL, '2026-01-07 21:35:40'),
       (444, 10, '2026-01-14', 'CANCELLED', NULL, '2026-01-07 21:35:40'),
       (481, 1, '2026-01-11', 'OPEN', NULL, '2026-01-09 23:36:10'),
       (482, 3, '2026-01-11', 'OPEN', NULL, '2026-01-09 23:36:10'),
       (483, 5, '2026-01-11', 'OPEN', NULL, '2026-01-09 23:36:10'),
       (484, 7, '2026-01-11', 'OPEN', NULL, '2026-01-09 23:36:10'),
       (485, 9, '2026-01-11', 'OPEN', NULL, '2026-01-09 23:36:10'),
       (486, 2, '2026-01-11', 'OPEN', NULL, '2026-01-10 00:48:10'),
       (487, 4, '2026-01-11', 'OPEN', NULL, '2026-01-10 00:48:10'),
       (488, 6, '2026-01-11', 'OPEN', NULL, '2026-01-10 00:48:10'),
       (489, 8, '2026-01-11', 'OPEN', NULL, '2026-01-10 00:48:10'),
       (490, 10, '2026-01-11', 'OPEN', NULL, '2026-01-10 00:48:10'),
       (499, 1, '2026-01-12', 'OPEN', NULL, '2026-01-10 17:43:13'),
       (500, 2, '2026-01-12', 'OPEN', NULL, '2026-01-10 17:43:13'),
       (501, 3, '2026-01-12', 'OPEN', NULL, '2026-01-10 17:43:13'),
       (502, 4, '2026-01-12', 'OPEN', NULL, '2026-01-10 17:43:13'),
       (503, 5, '2026-01-12', 'OPEN', NULL, '2026-01-10 17:43:13'),
       (504, 6, '2026-01-12', 'OPEN', NULL, '2026-01-10 17:43:13'),
       (505, 7, '2026-01-12', 'OPEN', NULL, '2026-01-10 17:43:13'),
       (506, 8, '2026-01-12', 'OPEN', NULL, '2026-01-10 17:43:13'),
       (507, 9, '2026-01-12', 'OPEN', NULL, '2026-01-10 17:43:13'),
       (508, 10, '2026-01-12', 'OPEN', NULL, '2026-01-10 17:43:13'),
       (533, 1, '2026-01-15', 'OPEN', NULL, '2026-01-12 01:29:18'),
       (534, 2, '2026-01-15', 'OPEN', NULL, '2026-01-12 01:29:18'),
       (535, 3, '2026-01-15', 'OPEN', NULL, '2026-01-12 01:29:18'),
       (536, 4, '2026-01-15', 'OPEN', NULL, '2026-01-12 01:29:18'),
       (537, 5, '2026-01-15', 'OPEN', NULL, '2026-01-12 01:29:18'),
       (538, 6, '2026-01-15', 'OPEN', NULL, '2026-01-12 01:29:18'),
       (539, 7, '2026-01-15', 'OPEN', NULL, '2026-01-12 01:29:18'),
       (540, 8, '2026-01-15', 'OPEN', NULL, '2026-01-12 01:29:18'),
       (541, 9, '2026-01-15', 'OPEN', NULL, '2026-01-12 01:29:18'),
       (542, 10, '2026-01-15', 'OPEN', NULL, '2026-01-12 01:29:18'),
       (549, 1, '2026-01-16', 'OPEN', NULL, '2026-01-12 01:29:21'),
       (550, 2, '2026-01-16', 'OPEN', NULL, '2026-01-12 01:29:21'),
       (551, 3, '2026-01-16', 'OPEN', NULL, '2026-01-12 01:29:21'),
       (552, 4, '2026-01-16', 'OPEN', NULL, '2026-01-12 01:29:21'),
       (553, 5, '2026-01-16', 'OPEN', NULL, '2026-01-12 01:29:21'),
       (554, 6, '2026-01-16', 'OPEN', NULL, '2026-01-12 01:29:21'),
       (555, 7, '2026-01-16', 'OPEN', NULL, '2026-01-12 01:29:21'),
       (556, 8, '2026-01-16', 'OPEN', NULL, '2026-01-12 01:29:21'),
       (557, 9, '2026-01-16', 'OPEN', NULL, '2026-01-12 01:29:21'),
       (558, 10, '2026-01-16', 'OPEN', NULL, '2026-01-12 01:29:21'),
       (599, 5, '2026-01-17', 'OPEN', NULL, '2026-01-15 23:14:13'),
       (602, 2, '2026-01-17', 'OPEN', NULL, '2026-01-16 22:07:27'),
       (603, 9, '2026-01-17', 'OPEN', NULL, '2026-01-17 01:11:14'),
       (604, 3, '2026-01-17', 'OPEN', NULL, '2026-01-17 12:31:39'),
       (605, 6, '2026-01-17', 'OPEN', NULL, '2026-01-17 12:32:57'),
       (606, 4, '2026-01-17', 'OPEN', NULL, '2026-01-17 14:16:48'),
       (607, 4, '2026-01-19', 'OPEN', NULL, '2026-01-17 15:31:05'),
       (608, 7, '2026-01-19', 'OPEN', NULL, '2026-01-17 15:34:46'),
       (609, 7, '2026-01-18', 'OPEN', NULL, '2026-01-17 16:41:07'),
       (610, 7, '2026-01-17', 'OPEN', NULL, '2026-01-17 18:44:31'),
       (611, 1, '2026-01-17', 'OPEN', NULL, '2026-01-17 18:59:26'),
       (612, 8, '2026-01-17', 'OPEN', NULL, '2026-01-17 18:59:26'),
       (613, 10, '2026-01-17', 'OPEN', NULL, '2026-01-17 18:59:26'),
       (615, 10, '2026-01-18', 'OPEN', NULL, '2026-01-18 01:21:05'),
       (616, 2, '2026-01-18', 'OPEN', NULL, '2026-01-18 02:01:45'),
       (617, 4, '2026-01-18', 'OPEN', NULL, '2026-01-18 04:01:16'),
       (618, 5, '2026-01-18', 'OPEN', NULL, '2026-01-18 05:56:42'),
       (619, 3, '2026-01-18', 'OPEN', NULL, '2026-01-18 14:46:42'),
       (620, 6, '2026-01-18', 'OPEN', NULL, '2026-01-18 15:29:00'),
       (621, 8, '2026-01-18', 'OPEN', NULL, '2026-01-18 19:57:22'),
       (622, 2, '2026-01-19', 'OPEN', NULL, '2026-01-18 23:07:36'),
       (623, 9, '2026-01-19', 'OPEN', NULL, '2026-01-19 01:48:23'),
       (624, 2, '2026-01-20', 'OPEN', NULL, '2026-01-19 15:05:01'),
       (625, 6, '2026-01-19', 'OPEN', NULL, '2026-01-19 16:32:32'),
       (626, 1, '2026-01-20', 'OPEN', NULL, '2026-01-20 00:37:28'),
       (627, 1, '2026-01-19', 'OPEN', NULL, '2026-01-20 03:47:37'),
       (628, 3, '2026-01-19', 'OPEN', NULL, '2026-01-20 03:47:37'),
       (629, 5, '2026-01-19', 'OPEN', NULL, '2026-01-20 03:47:37'),
       (630, 8, '2026-01-19', 'OPEN', NULL, '2026-01-20 03:47:37'),
       (631, 10, '2026-01-19', 'OPEN', NULL, '2026-01-20 03:47:37'),
       (638, 8, '2026-01-20', 'OPEN', NULL, '2026-01-20 18:50:04'),
       (639, 9, '2026-01-20', 'OPEN', NULL, '2026-01-20 21:50:23'),
       (640, 2, '2026-01-21', 'OPEN', NULL, '2026-01-20 22:11:19'),
       (641, 9, '2026-01-21', 'OPEN', NULL, '2026-01-21 01:45:05'),
       (642, 3, '2026-01-20', 'OPEN', NULL, '2026-01-21 02:51:18'),
       (643, 4, '2026-01-20', 'OPEN', NULL, '2026-01-21 02:51:18'),
       (644, 5, '2026-01-20', 'OPEN', NULL, '2026-01-21 02:51:18'),
       (645, 6, '2026-01-20', 'OPEN', NULL, '2026-01-21 02:51:18'),
       (646, 7, '2026-01-20', 'OPEN', NULL, '2026-01-21 02:51:18'),
       (647, 10, '2026-01-20', 'OPEN', NULL, '2026-01-21 02:51:18'),
       (652, 4, '2026-01-21', 'OPEN', NULL, '2026-01-21 14:01:15'),
       (653, 6, '2026-01-21', 'OPEN', NULL, '2026-01-21 16:50:40'),
       (654, 1, '2026-01-21', 'OPEN', NULL, '2026-01-21 17:17:44'),
       (655, 3, '2026-01-21', 'OPEN', NULL, '2026-01-21 17:17:44'),
       (656, 5, '2026-01-21', 'OPEN', NULL, '2026-01-21 17:17:44'),
       (657, 7, '2026-01-21', 'OPEN', NULL, '2026-01-21 17:17:44'),
       (658, 8, '2026-01-21', 'OPEN', NULL, '2026-01-21 17:17:44'),
       (659, 10, '2026-01-21', 'OPEN', NULL, '2026-01-21 17:17:44'),
       (662, 9, '2026-01-22', 'OPEN', NULL, '2026-01-21 21:10:56'),
       (663, 2, '2026-01-22', 'OPEN', NULL, '2026-01-21 21:43:40'),
       (664, 5, '2026-01-22', 'OPEN', NULL, '2026-01-22 01:22:03'),
       (665, 5, '2026-01-23', 'OPEN', NULL, '2026-01-22 23:10:40'),
       (666, 1, '2026-01-23', 'OPEN', NULL, '2026-01-22 23:31:16'),
       (667, 3, '2026-01-25', 'OPEN', NULL, '2026-01-22 23:58:02'),
       (668, 2, '2026-01-23', 'OPEN', NULL, '2026-01-23 00:54:18'),
       (669, 9, '2026-01-23', 'OPEN', NULL, '2026-01-23 03:36:13'),
       (670, 10, '2026-01-23', 'OPEN', NULL, '2026-01-23 03:50:33'),
       (671, 8, '2026-01-23', 'OPEN', NULL, '2026-01-23 15:36:51'),
       (672, 7, '2026-01-23', 'OPEN', NULL, '2026-01-23 16:12:45'),
       (673, 7, '2026-01-24', 'OPEN', NULL, '2026-01-23 23:02:32'),
       (674, 2, '2026-01-24', 'OPEN', NULL, '2026-01-24 01:59:26'),
       (675, 1, '2026-01-24', 'OPEN', NULL, '2026-01-24 02:37:09'),
       (676, 5, '2026-01-24', 'OPEN', NULL, '2026-01-24 04:13:19'),
       (677, 9, '2026-01-24', 'OPEN', NULL, '2026-01-24 13:03:43'),
       (678, 6, '2026-01-24', 'OPEN', NULL, '2026-01-24 16:36:40'),
       (679, 9, '2026-01-25', 'OPEN', NULL, '2026-01-24 17:07:50'),
       (680, 8, '2026-01-24', 'OPEN', NULL, '2026-01-24 18:11:48'),
       (681, 10, '2026-01-25', 'OPEN', NULL, '2026-01-24 21:14:14'),
       (682, 10, '2026-01-24', 'OPEN', NULL, '2026-01-24 22:41:51'),
       (683, 5, '2026-01-25', 'OPEN', NULL, '2026-01-24 22:58:43'),
       (684, 3, '2026-01-26', 'OPEN', NULL, '2026-01-25 02:34:50'),
       (685, 2, '2026-01-25', 'OPEN', NULL, '2026-01-25 04:05:35'),
       (686, 6, '2026-01-25', 'OPEN', NULL, '2026-01-25 04:45:28'),
       (687, 4, '2026-01-25', 'OPEN', NULL, '2026-01-25 13:31:41'),
       (688, 8, '2026-01-25', 'OPEN', NULL, '2026-01-25 14:42:07'),
       (689, 4, '2026-01-26', 'OPEN', NULL, '2026-01-25 16:08:24'),
       (690, 2, '2026-01-26', 'OPEN', NULL, '2026-01-25 16:44:15'),
       (691, 1, '2026-01-25', 'OPEN', NULL, '2026-01-26 04:25:49'),
       (692, 7, '2026-01-25', 'OPEN', NULL, '2026-01-26 04:25:49'),
       (695, 1, '2026-01-27', 'OPEN', NULL, '2026-01-26 04:25:55'),
       (696, 2, '2026-01-27', 'OPEN', NULL, '2026-01-26 04:25:55'),
       (697, 3, '2026-01-27', 'OPEN', NULL, '2026-01-26 04:25:55'),
       (698, 4, '2026-01-27', 'OPEN', NULL, '2026-01-26 04:25:55'),
       (699, 5, '2026-01-27', 'OPEN', NULL, '2026-01-26 04:25:55'),
       (700, 6, '2026-01-27', 'OPEN', NULL, '2026-01-26 04:25:55'),
       (701, 7, '2026-01-27', 'CANCELLED', NULL, '2026-01-26 04:25:55'),
       (702, 8, '2026-01-27', 'CANCELLED', NULL, '2026-01-26 04:25:55'),
       (703, 9, '2026-01-27', 'CANCELLED', NULL, '2026-01-26 04:25:55'),
       (704, 10, '2026-01-27', 'CANCELLED', NULL, '2026-01-26 04:25:55'),
       (721, 6, '2026-01-26', 'OPEN', NULL, '2026-01-26 15:38:57'),
       (722, 5, '2026-01-26', 'OPEN', NULL, '2026-01-26 15:39:36'),
       (723, 3, '2026-01-31', 'OPEN', NULL, '2026-01-26 16:57:57'),
       (724, 9, '2026-01-26', 'OPEN', NULL, '2026-01-26 16:58:11'),
       (725, 7, '2026-01-26', 'OPEN', NULL, '2026-01-26 17:12:36'),
       (726, 10, '2026-01-26', 'OPEN', NULL, '2026-01-26 22:22:46'),
       (727, 4, '2026-01-28', 'OPEN', NULL, '2026-01-26 23:01:34'),
       (728, 1, '2026-01-26', 'OPEN', NULL, '2026-01-27 03:03:15'),
       (729, 8, '2026-01-26', 'OPEN', NULL, '2026-01-27 03:03:15'),
       (736, 2, '2026-01-29', 'OPEN', NULL, '2026-01-27 03:53:32'),
       (737, 7, '2026-01-29', 'OPEN', NULL, '2026-01-27 03:55:33'),
       (738, 8, '2026-01-28', 'OPEN', NULL, '2026-01-27 21:36:23'),
       (739, 2, '2026-01-28', 'OPEN', NULL, '2026-01-27 22:00:29'),
       (744, 1, '2026-01-28', 'OPEN', NULL, '2026-01-27 22:09:01'),
       (745, 3, '2026-01-28', 'OPEN', NULL, '2026-01-27 22:09:01'),
       (746, 5, '2026-01-28', 'OPEN', NULL, '2026-01-27 22:09:01'),
       (747, 6, '2026-01-28', 'OPEN', NULL, '2026-01-27 22:09:01'),
       (748, 7, '2026-01-28', 'OPEN', NULL, '2026-01-27 22:09:01'),
       (749, 9, '2026-01-28', 'OPEN', NULL, '2026-01-27 22:09:01'),
       (750, 10, '2026-01-28', 'OPEN', NULL, '2026-01-27 22:09:01'),
       (754, 10, '2026-01-29', 'OPEN', NULL, '2026-01-27 22:16:39'),
       (759, 1, '2026-01-30', 'OPEN', NULL, '2026-01-28 21:55:37'),
       (760, 4, '2026-01-29', 'OPEN', NULL, '2026-01-28 23:56:35'),
       (761, 9, '2026-01-29', 'OPEN', NULL, '2026-01-29 07:21:59'),
       (762, 1, '2026-01-29', 'OPEN', NULL, '2026-01-29 12:21:56'),
       (763, 2, '2026-01-31', 'OPEN', NULL, '2026-01-29 13:26:45'),
       (764, 9, '2026-01-31', 'OPEN', NULL, '2026-01-29 13:27:57'),
       (765, 2, '2026-01-30', 'OPEN', NULL, '2026-01-29 13:29:15'),
       (766, 9, '2026-01-30', 'OPEN', NULL, '2026-01-29 13:30:12'),
       (767, 4, '2026-02-01', 'OPEN', NULL, '2026-01-29 13:31:15'),
       (768, 9, '2026-02-01', 'OPEN', NULL, '2026-01-29 13:32:23'),
       (769, 6, '2026-01-29', 'OPEN', NULL, '2026-01-29 17:09:25'),
       (770, 3, '2026-01-29', 'OPEN', NULL, '2026-01-29 19:42:53'),
       (771, 5, '2026-01-29', 'OPEN', NULL, '2026-01-29 19:42:53'),
       (772, 8, '2026-01-29', 'OPEN', NULL, '2026-01-29 19:42:53'),
       (778, 3, '2026-01-30', 'OPEN', NULL, '2026-01-29 22:15:39'),
       (781, 5, '2026-01-30', 'OPEN', NULL, '2026-01-30 00:48:26'),
       (782, 7, '2026-01-30', 'OPEN', NULL, '2026-01-30 01:00:10'),
       (783, 4, '2026-01-30', 'OPEN', NULL, '2026-01-30 14:32:36'),
       (784, 6, '2026-01-30', 'OPEN', NULL, '2026-01-30 16:32:42'),
       (785, 8, '2026-01-31', 'OPEN', NULL, '2026-01-30 18:11:56'),
       (786, 4, '2026-01-31', 'OPEN', NULL, '2026-01-30 18:18:48'),
       (787, 5, '2026-01-31', 'OPEN', NULL, '2026-01-30 18:19:09'),
       (788, 8, '2026-01-30', 'OPEN', NULL, '2026-01-30 19:09:51'),
       (789, 6, '2026-01-31', 'OPEN', NULL, '2026-01-30 19:10:43'),
       (790, 10, '2026-01-30', 'OPEN', NULL, '2026-01-30 22:34:08'),
       (791, 1, '2026-01-31', 'OPEN', NULL, '2026-01-31 03:02:44'),
       (792, 7, '2026-01-31', 'OPEN', NULL, '2026-01-31 17:40:08'),
       (793, 10, '2026-01-31', 'OPEN', NULL, '2026-01-31 20:00:11'),
       (800, 2, '2026-02-01', 'OPEN', NULL, '2026-02-01 00:55:12'),
       (801, 5, '2026-02-01', 'OPEN', NULL, '2026-02-01 00:57:43'),
       (802, 1, '2026-02-01', 'OPEN', NULL, '2026-02-01 02:47:21'),
       (803, 10, '2026-02-04', 'OPEN', NULL, '2026-02-01 02:49:20'),
       (806, 1, '2026-02-03', 'OPEN', NULL, '2026-02-01 03:13:43'),
       (807, 2, '2026-02-03', 'OPEN', NULL, '2026-02-01 03:13:43'),
       (808, 3, '2026-02-03', 'CANCELLED', NULL, '2026-02-01 03:13:43'),
       (809, 4, '2026-02-03', 'CANCELLED', NULL, '2026-02-01 03:13:43'),
       (810, 5, '2026-02-03', 'CANCELLED', NULL, '2026-02-01 03:13:43'),
       (811, 6, '2026-02-03', 'CANCELLED', NULL, '2026-02-01 03:13:43'),
       (812, 7, '2026-02-03', 'CANCELLED', NULL, '2026-02-01 03:13:43'),
       (813, 8, '2026-02-03', 'CANCELLED', NULL, '2026-02-01 03:13:43'),
       (814, 9, '2026-02-03', 'OPEN', NULL, '2026-02-01 03:13:43'),
       (815, 10, '2026-02-03', 'OPEN', NULL, '2026-02-01 03:13:43'),
       (834, 1, '2026-02-02', 'OPEN', NULL, '2026-02-01 03:14:25'),
       (835, 2, '2026-02-02', 'OPEN', NULL, '2026-02-01 03:14:25'),
       (836, 3, '2026-02-02', 'OPEN', NULL, '2026-02-01 03:14:25'),
       (837, 4, '2026-02-02', 'OPEN', NULL, '2026-02-01 03:14:25'),
       (838, 5, '2026-02-02', 'OPEN', NULL, '2026-02-01 03:14:25'),
       (839, 6, '2026-02-02', 'OPEN', NULL, '2026-02-01 03:14:25'),
       (840, 7, '2026-02-02', 'OPEN', NULL, '2026-02-01 03:14:25'),
       (841, 8, '2026-02-02', 'OPEN', NULL, '2026-02-01 03:14:25'),
       (842, 9, '2026-02-02', 'OPEN', NULL, '2026-02-01 03:14:25'),
       (843, 10, '2026-02-02', 'OPEN', NULL, '2026-02-01 03:14:25'),
       (856, 6, '2026-02-01', 'OPEN', NULL, '2026-02-01 04:14:33'),
       (857, 8, '2026-02-01', 'OPEN', NULL, '2026-02-01 18:46:01'),
       (864, 1, '2026-02-08', 'CANCELLED', NULL, '2026-02-03 01:38:31'),
       (865, 2, '2026-02-08', 'CANCELLED', NULL, '2026-02-03 01:38:31'),
       (866, 3, '2026-02-08', 'CANCELLED', NULL, '2026-02-03 01:38:31'),
       (867, 4, '2026-02-08', 'CANCELLED', NULL, '2026-02-03 01:38:31'),
       (868, 5, '2026-02-08', 'CANCELLED', NULL, '2026-02-03 01:38:31'),
       (869, 6, '2026-02-08', 'CANCELLED', NULL, '2026-02-03 01:38:31'),
       (870, 7, '2026-02-08', 'CANCELLED', NULL, '2026-02-03 01:38:31'),
       (871, 8, '2026-02-08', 'CANCELLED', NULL, '2026-02-03 01:38:31'),
       (872, 9, '2026-02-08', 'CANCELLED', NULL, '2026-02-03 01:38:31'),
       (873, 10, '2026-02-08', 'CANCELLED', NULL, '2026-02-03 01:38:31'),
       (904, 1, '2026-02-07', 'OPEN', NULL, '2026-02-03 01:46:16'),
       (905, 2, '2026-02-07', 'OPEN', NULL, '2026-02-03 01:46:16'),
       (906, 3, '2026-02-07', 'OPEN', NULL, '2026-02-03 01:46:16'),
       (907, 4, '2026-02-07', 'OPEN', NULL, '2026-02-03 01:46:16'),
       (908, 5, '2026-02-07', 'OPEN', NULL, '2026-02-03 01:46:16'),
       (909, 6, '2026-02-07', 'OPEN', NULL, '2026-02-03 01:46:16'),
       (910, 7, '2026-02-07', 'OPEN', NULL, '2026-02-03 01:46:16'),
       (911, 8, '2026-02-07', 'OPEN', NULL, '2026-02-03 01:46:16'),
       (912, 9, '2026-02-07', 'CANCELLED', NULL, '2026-02-03 01:46:16'),
       (913, 10, '2026-02-07', 'CANCELLED', NULL, '2026-02-03 01:46:16'),
       (936, 2, '2026-02-04', 'OPEN', NULL, '2026-02-03 22:02:30'),
       (937, 9, '2026-02-04', 'OPEN', NULL, '2026-02-03 22:07:15'),
       (938, 6, '2026-02-04', 'OPEN', NULL, '2026-02-04 00:49:40'),
       (939, 4, '2026-02-04', 'OPEN', NULL, '2026-02-04 14:39:11'),
       (940, 7, '2026-02-04', 'OPEN', NULL, '2026-02-04 15:51:33'),
       (941, 5, '2026-02-04', 'OPEN', NULL, '2026-02-04 16:30:52'),
       (942, 8, '2026-02-04', 'OPEN', NULL, '2026-02-04 17:55:03'),
       (943, 4, '2026-02-05', 'OPEN', NULL, '2026-02-04 20:34:25'),
       (944, 2, '2026-02-05', 'OPEN', NULL, '2026-02-05 00:28:23'),
       (945, 9, '2026-02-05', 'OPEN', NULL, '2026-02-05 00:29:39'),
       (946, 1, '2026-02-05', 'OPEN', NULL, '2026-02-05 00:33:57'),
       (947, 6, '2026-02-05', 'OPEN', NULL, '2026-02-05 16:14:11'),
       (948, 7, '2026-02-05', 'OPEN', NULL, '2026-02-05 18:45:38'),
       (949, 10, '2026-02-05', 'OPEN', NULL, '2026-02-05 19:28:52'),
       (950, 8, '2026-02-06', 'OPEN', NULL, '2026-02-05 20:16:36'),
       (951, 4, '2026-02-06', 'OPEN', NULL, '2026-02-05 20:20:28'),
       (952, 1, '2026-02-06', 'OPEN', NULL, '2026-02-05 21:55:13'),
       (953, 7, '2026-02-06', 'OPEN', NULL, '2026-02-06 00:33:02'),
       (954, 5, '2026-02-06', 'OPEN', NULL, '2026-02-06 14:18:56'),
       (955, 6, '2026-02-06', 'OPEN', NULL, '2026-02-06 14:47:10'),
       (956, 9, '2026-02-06', 'OPEN', NULL, '2026-02-06 21:06:51'),
       (957, 10, '2026-02-06', 'OPEN', NULL, '2026-02-06 22:26:07'),
       (960, 4, '2026-02-09', 'OPEN', NULL, '2026-02-07 23:08:57'),
       (961, 1, '2026-02-09', 'OPEN', NULL, '2026-02-08 03:27:29'),
       (962, 5, '2026-02-09', 'OPEN', NULL, '2026-02-08 13:38:55'),
       (963, 2, '2026-02-09', 'OPEN', NULL, '2026-02-08 20:53:21'),
       (964, 6, '2026-02-09', 'OPEN', NULL, '2026-02-09 03:07:02'),
       (965, 10, '2026-02-09', 'OPEN', NULL, '2026-02-09 03:45:03'),
       (966, 3, '2026-02-09', 'OPEN', NULL, '2026-02-09 05:36:20'),
       (967, 7, '2026-02-09', 'OPEN', NULL, '2026-02-09 18:21:22');
/*!40000 ALTER TABLE `transporte_trips`
    ENABLE KEYS */;
UNLOCK TABLES;
/*!40103 SET TIME_ZONE = @OLD_TIME_ZONE */;

/*!40101 SET SQL_MODE = @OLD_SQL_MODE */;
/*!40014 SET FOREIGN_KEY_CHECKS = @OLD_FOREIGN_KEY_CHECKS */;
/*!40014 SET UNIQUE_CHECKS = @OLD_UNIQUE_CHECKS */;
/*!40101 SET CHARACTER_SET_CLIENT = @OLD_CHARACTER_SET_CLIENT */;
/*!40101 SET CHARACTER_SET_RESULTS = @OLD_CHARACTER_SET_RESULTS */;
/*!40101 SET COLLATION_CONNECTION = @OLD_COLLATION_CONNECTION */;
/*!40111 SET SQL_NOTES = @OLD_SQL_NOTES */;

-- Dump completed on 2026-02-09 15:38:12
